14 0 msmarco_v2.1_doc_07_290911727 4
14 0 msmarco_v2.1_doc_34_1178737860 4
14 0 msmarco_v2.1_doc_56_364918470 4
14 0 msmarco_v2.1_doc_09_1635342900 3
14 0 msmarco_v2.1_doc_15_148169162 3
14 0 msmarco_v2.1_doc_22_300673083 3
14 0 msmarco_v2.1_doc_23_439322641 3
14 0 msmarco_v2.1_doc_25_1224530952 3
14 0 msmarco_v2.1_doc_26_1580824605 3
14 0 msmarco_v2.1_doc_34_1178689875 3
14 0 msmarco_v2.1_doc_47_483627885 3
14 0 msmarco_v2.1_doc_49_1327042828 3
14 0 msmarco_v2.1_doc_02_1634038310 2
14 0 msmarco_v2.1_doc_02_1634114563 2
14 0 msmarco_v2.1_doc_02_1634187018 2
14 0 msmarco_v2.1_doc_03_1195900215 2
14 0 msmarco_v2.1_doc_03_762768732 2
14 0 msmarco_v2.1_doc_08_885974886 2
14 0 msmarco_v2.1_doc_17_1063888901 2
14 0 msmarco_v2.1_doc_23_853697836 2
14 0 msmarco_v2.1_doc_25_341499267 2
14 0 msmarco_v2.1_doc_25_827258672 2
14 0 msmarco_v2.1_doc_25_837383035 2
14 0 msmarco_v2.1_doc_25_877017673 2
14 0 msmarco_v2.1_doc_26_1562641348 2
14 0 msmarco_v2.1_doc_26_1571910832 2
14 0 msmarco_v2.1_doc_26_1619429921 2
14 0 msmarco_v2.1_doc_28_337380831 2
14 0 msmarco_v2.1_doc_33_648331923 2
14 0 msmarco_v2.1_doc_36_758051949 2
14 0 msmarco_v2.1_doc_52_1571855646 2
14 0 msmarco_v2.1_doc_53_610051319 2
14 0 msmarco_v2.1_doc_55_470057996 2
14 0 msmarco_v2.1_doc_56_423012609 2
14 0 msmarco_v2.1_doc_56_443326071 2
14 0 msmarco_v2.1_doc_00_23262811 1
14 0 msmarco_v2.1_doc_00_979993176 1
14 0 msmarco_v2.1_doc_01_472525687 1
14 0 msmarco_v2.1_doc_02_1112372985 1
14 0 msmarco_v2.1_doc_02_1112411222 1
14 0 msmarco_v2.1_doc_02_1634002038 1
14 0 msmarco_v2.1_doc_02_1634084157 1
14 0 msmarco_v2.1_doc_03_225610381 1
14 0 msmarco_v2.1_doc_03_311542746 1
14 0 msmarco_v2.1_doc_03_943685637 1
14 0 msmarco_v2.1_doc_04_1029251047 1
14 0 msmarco_v2.1_doc_04_1069490167 1
14 0 msmarco_v2.1_doc_06_1290596166 1
14 0 msmarco_v2.1_doc_06_1840626563 1
14 0 msmarco_v2.1_doc_07_1514052005 1
14 0 msmarco_v2.1_doc_07_876454531 1
14 0 msmarco_v2.1_doc_07_984218029 1
14 0 msmarco_v2.1_doc_08_1373482624 1
14 0 msmarco_v2.1_doc_08_1611924588 1
14 0 msmarco_v2.1_doc_09_773482131 1
14 0 msmarco_v2.1_doc_09_776887758 1
14 0 msmarco_v2.1_doc_09_777882874 1
14 0 msmarco_v2.1_doc_09_904160175 1
14 0 msmarco_v2.1_doc_12_1851907860 1
14 0 msmarco_v2.1_doc_12_526163205 1
14 0 msmarco_v2.1_doc_12_831634712 1
14 0 msmarco_v2.1_doc_13_1134042257 1
14 0 msmarco_v2.1_doc_13_292331627 1
14 0 msmarco_v2.1_doc_14_852851235 1
14 0 msmarco_v2.1_doc_15_66016213 1
14 0 msmarco_v2.1_doc_15_782794130 1
14 0 msmarco_v2.1_doc_16_174943 1
14 0 msmarco_v2.1_doc_16_836125646 1
14 0 msmarco_v2.1_doc_17_1213382989 1
14 0 msmarco_v2.1_doc_18_1923046321 1
14 0 msmarco_v2.1_doc_18_2321981959 1
14 0 msmarco_v2.1_doc_18_2325498762 1
14 0 msmarco_v2.1_doc_18_2526231080 1
14 0 msmarco_v2.1_doc_20_1510941218 1
14 0 msmarco_v2.1_doc_20_238263733 1
14 0 msmarco_v2.1_doc_20_24916882 1
14 0 msmarco_v2.1_doc_20_27197423 1
14 0 msmarco_v2.1_doc_21_41750295 1
14 0 msmarco_v2.1_doc_21_42099402 1
14 0 msmarco_v2.1_doc_22_155504362 1
14 0 msmarco_v2.1_doc_22_489419253 1
14 0 msmarco_v2.1_doc_22_891388251 1
14 0 msmarco_v2.1_doc_23_239391923 1
14 0 msmarco_v2.1_doc_23_853583726 1
14 0 msmarco_v2.1_doc_24_331729234 1
14 0 msmarco_v2.1_doc_24_371916902 1
14 0 msmarco_v2.1_doc_24_925667939 1
14 0 msmarco_v2.1_doc_24_954320507 1
14 0 msmarco_v2.1_doc_25_771487070 1
14 0 msmarco_v2.1_doc_26_1006907921 1
14 0 msmarco_v2.1_doc_26_1504072159 1
14 0 msmarco_v2.1_doc_26_1512545738 1
14 0 msmarco_v2.1_doc_26_1562364412 1
14 0 msmarco_v2.1_doc_26_1576838537 1
14 0 msmarco_v2.1_doc_26_1704378875 1
14 0 msmarco_v2.1_doc_26_1729035302 1
14 0 msmarco_v2.1_doc_26_1828280420 1
14 0 msmarco_v2.1_doc_26_253864930 1
14 0 msmarco_v2.1_doc_26_797682444 1
14 0 msmarco_v2.1_doc_27_1176132888 1
14 0 msmarco_v2.1_doc_27_64955602 1
14 0 msmarco_v2.1_doc_28_1029473845 1
14 0 msmarco_v2.1_doc_28_1038520794 1
14 0 msmarco_v2.1_doc_28_1039850753 1
14 0 msmarco_v2.1_doc_28_337513822 1
14 0 msmarco_v2.1_doc_28_732714676 1
14 0 msmarco_v2.1_doc_29_1231389394 1
14 0 msmarco_v2.1_doc_30_268086236 1
14 0 msmarco_v2.1_doc_30_273206501 1
14 0 msmarco_v2.1_doc_30_273420898 1
14 0 msmarco_v2.1_doc_30_642952283 1
14 0 msmarco_v2.1_doc_31_1289210743 1
14 0 msmarco_v2.1_doc_31_1458511286 1
14 0 msmarco_v2.1_doc_31_263248111 1
14 0 msmarco_v2.1_doc_33_1323449531 1
14 0 msmarco_v2.1_doc_33_1355998560 1
14 0 msmarco_v2.1_doc_33_1357800710 1
14 0 msmarco_v2.1_doc_33_1359910427 1
14 0 msmarco_v2.1_doc_33_1464614274 1
14 0 msmarco_v2.1_doc_33_221284779 1
14 0 msmarco_v2.1_doc_34_1060809157 1
14 0 msmarco_v2.1_doc_34_1632312282 1
14 0 msmarco_v2.1_doc_34_250169170 1
14 0 msmarco_v2.1_doc_36_759287402 1
14 0 msmarco_v2.1_doc_38_241364119 1
14 0 msmarco_v2.1_doc_39_634774788 1
14 0 msmarco_v2.1_doc_40_1184903625 1
14 0 msmarco_v2.1_doc_40_1186360038 1
14 0 msmarco_v2.1_doc_40_1506331315 1
14 0 msmarco_v2.1_doc_43_705770302 1
14 0 msmarco_v2.1_doc_43_889501671 1
14 0 msmarco_v2.1_doc_45_373199332 1
14 0 msmarco_v2.1_doc_46_343004428 1
14 0 msmarco_v2.1_doc_46_359341412 1
14 0 msmarco_v2.1_doc_48_248341249 1
14 0 msmarco_v2.1_doc_48_756945211 1
14 0 msmarco_v2.1_doc_49_772238303 1
14 0 msmarco_v2.1_doc_50_2240018635 1
14 0 msmarco_v2.1_doc_50_400611437 1
14 0 msmarco_v2.1_doc_50_470915557 1
14 0 msmarco_v2.1_doc_50_650364489 1
14 0 msmarco_v2.1_doc_50_938326978 1
14 0 msmarco_v2.1_doc_51_1123099575 1
14 0 msmarco_v2.1_doc_51_1687716694 1
14 0 msmarco_v2.1_doc_51_481673373 1
14 0 msmarco_v2.1_doc_52_1203465604 1
14 0 msmarco_v2.1_doc_52_1275520638 1
14 0 msmarco_v2.1_doc_52_1571716921 1
14 0 msmarco_v2.1_doc_52_1651933820 1
14 0 msmarco_v2.1_doc_52_1660346373 1
14 0 msmarco_v2.1_doc_52_487021628 1
14 0 msmarco_v2.1_doc_52_516659814 1
14 0 msmarco_v2.1_doc_53_247444898 1
14 0 msmarco_v2.1_doc_53_33624474 1
14 0 msmarco_v2.1_doc_53_38084314 1
14 0 msmarco_v2.1_doc_53_438370643 1
14 0 msmarco_v2.1_doc_54_1603325878 1
14 0 msmarco_v2.1_doc_55_1042422053 1
14 0 msmarco_v2.1_doc_55_1050994080 1
14 0 msmarco_v2.1_doc_55_470063925 1
14 0 msmarco_v2.1_doc_56_1504429639 1
14 0 msmarco_v2.1_doc_56_878331979 1
14 0 msmarco_v2.1_doc_57_1087586928 1
14 0 msmarco_v2.1_doc_57_228588407 1
14 0 msmarco_v2.1_doc_57_62990207 1
14 0 msmarco_v2.1_doc_58_1205388040 1
14 0 msmarco_v2.1_doc_58_896647220 1
14 0 msmarco_v2.1_doc_59_645365686 1
14 0 msmarco_v2.1_doc_59_831085356 1
14 0 msmarco_v2.1_doc_00_1048733564 0
14 0 msmarco_v2.1_doc_00_921196231 0
14 0 msmarco_v2.1_doc_01_738037216 0
14 0 msmarco_v2.1_doc_02_1634158565 0
14 0 msmarco_v2.1_doc_02_1634413267 0
14 0 msmarco_v2.1_doc_02_1634464552 0
14 0 msmarco_v2.1_doc_02_1634477293 0
14 0 msmarco_v2.1_doc_02_1634767289 0
14 0 msmarco_v2.1_doc_04_227695814 0
14 0 msmarco_v2.1_doc_04_415461504 0
14 0 msmarco_v2.1_doc_04_633732565 0
14 0 msmarco_v2.1_doc_04_701440561 0
14 0 msmarco_v2.1_doc_06_1799043870 0
14 0 msmarco_v2.1_doc_08_1210758309 0
14 0 msmarco_v2.1_doc_08_929556283 0
14 0 msmarco_v2.1_doc_09_1091111152 0
14 0 msmarco_v2.1_doc_09_776915730 0
14 0 msmarco_v2.1_doc_10_105132023 0
14 0 msmarco_v2.1_doc_10_211721957 0
14 0 msmarco_v2.1_doc_10_211730520 0
14 0 msmarco_v2.1_doc_10_211754249 0
14 0 msmarco_v2.1_doc_10_211789483 0
14 0 msmarco_v2.1_doc_10_211797537 0
14 0 msmarco_v2.1_doc_10_211845423 0
14 0 msmarco_v2.1_doc_11_844481703 0
14 0 msmarco_v2.1_doc_12_1847371876 0
14 0 msmarco_v2.1_doc_12_197815266 0
14 0 msmarco_v2.1_doc_12_556628053 0
14 0 msmarco_v2.1_doc_13_337932376 0
14 0 msmarco_v2.1_doc_13_705703210 0
14 0 msmarco_v2.1_doc_14_1338324169 0
14 0 msmarco_v2.1_doc_14_388688437 0
14 0 msmarco_v2.1_doc_14_392475355 0
14 0 msmarco_v2.1_doc_14_655761044 0
14 0 msmarco_v2.1_doc_14_659113352 0
14 0 msmarco_v2.1_doc_15_1535007197 0
14 0 msmarco_v2.1_doc_15_1821216676 0
14 0 msmarco_v2.1_doc_15_498505904 0
14 0 msmarco_v2.1_doc_16_17039589 0
14 0 msmarco_v2.1_doc_19_1249008039 0
14 0 msmarco_v2.1_doc_20_1476605770 0
14 0 msmarco_v2.1_doc_20_1477481179 0
14 0 msmarco_v2.1_doc_20_1485419312 0
14 0 msmarco_v2.1_doc_20_1574450373 0
14 0 msmarco_v2.1_doc_22_1628954090 0
14 0 msmarco_v2.1_doc_23_1346617821 0
14 0 msmarco_v2.1_doc_23_682414762 0
14 0 msmarco_v2.1_doc_25_1176493337 0
14 0 msmarco_v2.1_doc_25_1275156863 0
14 0 msmarco_v2.1_doc_25_780354708 0
14 0 msmarco_v2.1_doc_26_1563228557 0
14 0 msmarco_v2.1_doc_26_1571649437 0
14 0 msmarco_v2.1_doc_26_1697643548 0
14 0 msmarco_v2.1_doc_27_547900786 0
14 0 msmarco_v2.1_doc_27_8650926 0
14 0 msmarco_v2.1_doc_29_823179368 0
14 0 msmarco_v2.1_doc_30_1768964281 0
14 0 msmarco_v2.1_doc_30_96560577 0
14 0 msmarco_v2.1_doc_31_1645906636 0
14 0 msmarco_v2.1_doc_33_1334084481 0
14 0 msmarco_v2.1_doc_33_270784744 0
14 0 msmarco_v2.1_doc_34_1178655766 0
14 0 msmarco_v2.1_doc_34_328976163 0
14 0 msmarco_v2.1_doc_34_330685685 0
14 0 msmarco_v2.1_doc_34_450275950 0
14 0 msmarco_v2.1_doc_36_1027359528 0
14 0 msmarco_v2.1_doc_37_1123575054 0
14 0 msmarco_v2.1_doc_41_1596883146 0
14 0 msmarco_v2.1_doc_41_1958617533 0
14 0 msmarco_v2.1_doc_41_622080312 0
14 0 msmarco_v2.1_doc_41_786799772 0
14 0 msmarco_v2.1_doc_43_1340067548 0
14 0 msmarco_v2.1_doc_44_1161491232 0
14 0 msmarco_v2.1_doc_44_17004370 0
14 0 msmarco_v2.1_doc_44_523476758 0
14 0 msmarco_v2.1_doc_44_901207583 0
14 0 msmarco_v2.1_doc_45_23523686 0
14 0 msmarco_v2.1_doc_45_263367090 0
14 0 msmarco_v2.1_doc_45_373131387 0
14 0 msmarco_v2.1_doc_45_638504234 0
14 0 msmarco_v2.1_doc_46_654381432 0
14 0 msmarco_v2.1_doc_47_1113797780 0
14 0 msmarco_v2.1_doc_47_1215893264 0
14 0 msmarco_v2.1_doc_47_1420033181 0
14 0 msmarco_v2.1_doc_50_1680082653 0
14 0 msmarco_v2.1_doc_50_1803313440 0
14 0 msmarco_v2.1_doc_52_1200500688 0
14 0 msmarco_v2.1_doc_53_33202573 0
14 0 msmarco_v2.1_doc_54_1747680240 0
14 0 msmarco_v2.1_doc_54_480037873 0
14 0 msmarco_v2.1_doc_55_877049387 0
14 0 msmarco_v2.1_doc_55_903329037 0
14 0 msmarco_v2.1_doc_56_237387373 0
14 0 msmarco_v2.1_doc_56_237633762 0
14 0 msmarco_v2.1_doc_56_237877756 0
14 0 msmarco_v2.1_doc_56_237963247 0
14 0 msmarco_v2.1_doc_56_238035300 0
14 0 msmarco_v2.1_doc_56_238072423 0
14 0 msmarco_v2.1_doc_56_238110548 0
14 0 msmarco_v2.1_doc_56_238137864 0
14 0 msmarco_v2.1_doc_56_238425393 0
14 0 msmarco_v2.1_doc_56_382753307 0
14 0 msmarco_v2.1_doc_56_400894536 0
14 0 msmarco_v2.1_doc_58_499263666 0
31 0 msmarco_v2.1_doc_34_1636826970 4
31 0 msmarco_v2.1_doc_51_880750803 4
31 0 msmarco_v2.1_doc_11_828461508 3
31 0 msmarco_v2.1_doc_11_828480040 3
31 0 msmarco_v2.1_doc_13_417129682 3
31 0 msmarco_v2.1_doc_17_458289946 3
31 0 msmarco_v2.1_doc_17_458328791 3
31 0 msmarco_v2.1_doc_20_1076942216 3
31 0 msmarco_v2.1_doc_22_913494090 3
31 0 msmarco_v2.1_doc_49_1552774699 3
31 0 msmarco_v2.1_doc_50_1725361320 3
31 0 msmarco_v2.1_doc_01_12543724 2
31 0 msmarco_v2.1_doc_01_617736143 2
31 0 msmarco_v2.1_doc_05_441191984 2
31 0 msmarco_v2.1_doc_07_694843847 2
31 0 msmarco_v2.1_doc_08_1276221077 2
31 0 msmarco_v2.1_doc_08_905211647 2
31 0 msmarco_v2.1_doc_09_162280876 2
31 0 msmarco_v2.1_doc_17_458170263 2
31 0 msmarco_v2.1_doc_17_649143376 2
31 0 msmarco_v2.1_doc_19_410369366 2
31 0 msmarco_v2.1_doc_20_1589508824 2
31 0 msmarco_v2.1_doc_24_1658618209 2
31 0 msmarco_v2.1_doc_31_1536260291 2
31 0 msmarco_v2.1_doc_36_1332453200 2
31 0 msmarco_v2.1_doc_39_1205701125 2
31 0 msmarco_v2.1_doc_39_1205713220 2
31 0 msmarco_v2.1_doc_39_1205723156 2
31 0 msmarco_v2.1_doc_39_856160200 2
31 0 msmarco_v2.1_doc_39_864373287 2
31 0 msmarco_v2.1_doc_39_883604032 2
31 0 msmarco_v2.1_doc_44_1314329429 2
31 0 msmarco_v2.1_doc_47_571374193 2
31 0 msmarco_v2.1_doc_51_669865070 2
31 0 msmarco_v2.1_doc_54_361370205 2
31 0 msmarco_v2.1_doc_55_297382135 2
31 0 msmarco_v2.1_doc_56_709651312 2
31 0 msmarco_v2.1_doc_00_703168949 1
31 0 msmarco_v2.1_doc_03_4880104 1
31 0 msmarco_v2.1_doc_03_738558914 1
31 0 msmarco_v2.1_doc_04_1141752484 1
31 0 msmarco_v2.1_doc_05_858871628 1
31 0 msmarco_v2.1_doc_07_867127868 1
31 0 msmarco_v2.1_doc_10_1477188458 1
31 0 msmarco_v2.1_doc_11_828441807 1
31 0 msmarco_v2.1_doc_11_828456012 1
31 0 msmarco_v2.1_doc_11_828502195 1
31 0 msmarco_v2.1_doc_12_240448745 1
31 0 msmarco_v2.1_doc_12_241061445 1
31 0 msmarco_v2.1_doc_13_1150387934 1
31 0 msmarco_v2.1_doc_15_1603746093 1
31 0 msmarco_v2.1_doc_15_787030661 1
31 0 msmarco_v2.1_doc_16_125259479 1
31 0 msmarco_v2.1_doc_16_3215944096 1
31 0 msmarco_v2.1_doc_18_1510592644 1
31 0 msmarco_v2.1_doc_18_2528324944 1
31 0 msmarco_v2.1_doc_19_1009595191 1
31 0 msmarco_v2.1_doc_19_1027191653 1
31 0 msmarco_v2.1_doc_20_1566998367 1
31 0 msmarco_v2.1_doc_20_1567040547 1
31 0 msmarco_v2.1_doc_20_1567911913 1
31 0 msmarco_v2.1_doc_22_19012398 1
31 0 msmarco_v2.1_doc_24_808167370 1
31 0 msmarco_v2.1_doc_25_1114379457 1
31 0 msmarco_v2.1_doc_25_1305677479 1
31 0 msmarco_v2.1_doc_25_68689110 1
31 0 msmarco_v2.1_doc_26_1659075818 1
31 0 msmarco_v2.1_doc_26_1711832029 1
31 0 msmarco_v2.1_doc_26_670306649 1
31 0 msmarco_v2.1_doc_27_401348241 1
31 0 msmarco_v2.1_doc_27_74742221 1
31 0 msmarco_v2.1_doc_28_26745255 1
31 0 msmarco_v2.1_doc_28_342795766 1
31 0 msmarco_v2.1_doc_28_532468307 1
31 0 msmarco_v2.1_doc_29_113819993 1
31 0 msmarco_v2.1_doc_33_501857685 1
31 0 msmarco_v2.1_doc_34_1641434065 1
31 0 msmarco_v2.1_doc_34_920686972 1
31 0 msmarco_v2.1_doc_35_1450706875 1
31 0 msmarco_v2.1_doc_35_876136149 1
31 0 msmarco_v2.1_doc_36_1331156606 1
31 0 msmarco_v2.1_doc_36_535988234 1
31 0 msmarco_v2.1_doc_38_1356217217 1
31 0 msmarco_v2.1_doc_38_1356783260 1
31 0 msmarco_v2.1_doc_40_1072370444 1
31 0 msmarco_v2.1_doc_41_1695114850 1
31 0 msmarco_v2.1_doc_41_1696189591 1
31 0 msmarco_v2.1_doc_41_1933590923 1
31 0 msmarco_v2.1_doc_41_503205897 1
31 0 msmarco_v2.1_doc_41_655443805 1
31 0 msmarco_v2.1_doc_42_1064673610 1
31 0 msmarco_v2.1_doc_43_890375110 1
31 0 msmarco_v2.1_doc_44_1363004694 1
31 0 msmarco_v2.1_doc_44_984490425 1
31 0 msmarco_v2.1_doc_47_128032561 1
31 0 msmarco_v2.1_doc_48_889362003 1
31 0 msmarco_v2.1_doc_48_889393223 1
31 0 msmarco_v2.1_doc_48_889405766 1
31 0 msmarco_v2.1_doc_49_1226863834 1
31 0 msmarco_v2.1_doc_50_514749294 1
31 0 msmarco_v2.1_doc_50_537049834 1
31 0 msmarco_v2.1_doc_51_1808144657 1
31 0 msmarco_v2.1_doc_51_1861660047 1
31 0 msmarco_v2.1_doc_52_123573693 1
31 0 msmarco_v2.1_doc_52_1271201604 1
31 0 msmarco_v2.1_doc_54_361376333 1
31 0 msmarco_v2.1_doc_54_366572099 1
31 0 msmarco_v2.1_doc_56_1363480220 1
31 0 msmarco_v2.1_doc_56_899657719 1
31 0 msmarco_v2.1_doc_00_1083334520 0
31 0 msmarco_v2.1_doc_01_435190206 0
31 0 msmarco_v2.1_doc_01_549593564 0
31 0 msmarco_v2.1_doc_01_609118002 0
31 0 msmarco_v2.1_doc_02_1403751256 0
31 0 msmarco_v2.1_doc_03_719774320 0
31 0 msmarco_v2.1_doc_04_74460060 0
31 0 msmarco_v2.1_doc_05_1593277304 0
31 0 msmarco_v2.1_doc_05_1593384188 0
31 0 msmarco_v2.1_doc_05_1607548104 0
31 0 msmarco_v2.1_doc_05_238816480 0
31 0 msmarco_v2.1_doc_05_440631119 0
31 0 msmarco_v2.1_doc_06_1715002064 0
31 0 msmarco_v2.1_doc_06_918221740 0
31 0 msmarco_v2.1_doc_08_1063857007 0
31 0 msmarco_v2.1_doc_08_1166918487 0
31 0 msmarco_v2.1_doc_08_1517635369 0
31 0 msmarco_v2.1_doc_10_1369654201 0
31 0 msmarco_v2.1_doc_10_773518724 0
31 0 msmarco_v2.1_doc_11_622264108 0
31 0 msmarco_v2.1_doc_12_1366680731 0
31 0 msmarco_v2.1_doc_13_1660267843 0
31 0 msmarco_v2.1_doc_13_259056638 0
31 0 msmarco_v2.1_doc_13_369785154 0
31 0 msmarco_v2.1_doc_13_370245135 0
31 0 msmarco_v2.1_doc_14_1448816126 0
31 0 msmarco_v2.1_doc_14_1540299697 0
31 0 msmarco_v2.1_doc_14_424390295 0
31 0 msmarco_v2.1_doc_14_853597040 0
31 0 msmarco_v2.1_doc_14_884568057 0
31 0 msmarco_v2.1_doc_15_1675199349 0
31 0 msmarco_v2.1_doc_15_1760937131 0
31 0 msmarco_v2.1_doc_15_1760944863 0
31 0 msmarco_v2.1_doc_16_466803850 0
31 0 msmarco_v2.1_doc_17_1743435061 0
31 0 msmarco_v2.1_doc_17_369798778 0
31 0 msmarco_v2.1_doc_18_2218556462 0
31 0 msmarco_v2.1_doc_18_796371127 0
31 0 msmarco_v2.1_doc_19_1124745018 0
31 0 msmarco_v2.1_doc_19_1126937396 0
31 0 msmarco_v2.1_doc_19_410541197 0
31 0 msmarco_v2.1_doc_19_410549397 0
31 0 msmarco_v2.1_doc_19_410621100 0
31 0 msmarco_v2.1_doc_19_410745734 0
31 0 msmarco_v2.1_doc_20_155581333 0
31 0 msmarco_v2.1_doc_20_1572540618 0
31 0 msmarco_v2.1_doc_20_1580613404 0
31 0 msmarco_v2.1_doc_21_1415400415 0
31 0 msmarco_v2.1_doc_22_1117634713 0
31 0 msmarco_v2.1_doc_22_1320856922 0
31 0 msmarco_v2.1_doc_22_363715616 0
31 0 msmarco_v2.1_doc_23_493315963 0
31 0 msmarco_v2.1_doc_23_503304477 0
31 0 msmarco_v2.1_doc_23_52269225 0
31 0 msmarco_v2.1_doc_24_359177251 0
31 0 msmarco_v2.1_doc_24_577812058 0
31 0 msmarco_v2.1_doc_24_93384542 0
31 0 msmarco_v2.1_doc_25_118863833 0
31 0 msmarco_v2.1_doc_25_1351478150 0
31 0 msmarco_v2.1_doc_25_186084585 0
31 0 msmarco_v2.1_doc_27_1151236276 0
31 0 msmarco_v2.1_doc_27_823245229 0
31 0 msmarco_v2.1_doc_28_325243187 0
31 0 msmarco_v2.1_doc_29_1344015326 0
31 0 msmarco_v2.1_doc_31_111702935 0
31 0 msmarco_v2.1_doc_31_1674443838 0
31 0 msmarco_v2.1_doc_32_665738950 0
31 0 msmarco_v2.1_doc_33_1405207935 0
31 0 msmarco_v2.1_doc_34_1370548450 0
31 0 msmarco_v2.1_doc_34_1640381837 0
31 0 msmarco_v2.1_doc_34_1640399828 0
31 0 msmarco_v2.1_doc_34_470179637 0
31 0 msmarco_v2.1_doc_35_1492842878 0
31 0 msmarco_v2.1_doc_35_182182705 0
31 0 msmarco_v2.1_doc_35_191440440 0
31 0 msmarco_v2.1_doc_35_26945276 0
31 0 msmarco_v2.1_doc_35_326574569 0
31 0 msmarco_v2.1_doc_35_775220341 0
31 0 msmarco_v2.1_doc_35_894333965 0
31 0 msmarco_v2.1_doc_36_1330739389 0
31 0 msmarco_v2.1_doc_36_1333264221 0
31 0 msmarco_v2.1_doc_36_352849952 0
31 0 msmarco_v2.1_doc_36_36702331 0
31 0 msmarco_v2.1_doc_36_546113387 0
31 0 msmarco_v2.1_doc_37_992457791 0
31 0 msmarco_v2.1_doc_38_1281657662 0
31 0 msmarco_v2.1_doc_38_1314291146 0
31 0 msmarco_v2.1_doc_38_1352072989 0
31 0 msmarco_v2.1_doc_38_1419842501 0
31 0 msmarco_v2.1_doc_39_176289565 0
31 0 msmarco_v2.1_doc_39_415002706 0
31 0 msmarco_v2.1_doc_39_524919755 0
31 0 msmarco_v2.1_doc_39_856146088 0
31 0 msmarco_v2.1_doc_39_862499331 0
31 0 msmarco_v2.1_doc_39_868633912 0
31 0 msmarco_v2.1_doc_39_883613142 0
31 0 msmarco_v2.1_doc_39_883723215 0
31 0 msmarco_v2.1_doc_39_885363470 0
31 0 msmarco_v2.1_doc_41_1932089965 0
31 0 msmarco_v2.1_doc_41_1938808331 0
31 0 msmarco_v2.1_doc_42_1619334724 0
31 0 msmarco_v2.1_doc_42_293314736 0
31 0 msmarco_v2.1_doc_44_1166331193 0
31 0 msmarco_v2.1_doc_44_315142248 0
31 0 msmarco_v2.1_doc_44_57255739 0
31 0 msmarco_v2.1_doc_44_66383232 0
31 0 msmarco_v2.1_doc_46_154293647 0
31 0 msmarco_v2.1_doc_46_361351417 0
31 0 msmarco_v2.1_doc_47_1362752126 0
31 0 msmarco_v2.1_doc_48_1552363166 0
31 0 msmarco_v2.1_doc_48_1659267137 0
31 0 msmarco_v2.1_doc_50_2394870491 0
31 0 msmarco_v2.1_doc_50_256242438 0
31 0 msmarco_v2.1_doc_50_35277267 0
31 0 msmarco_v2.1_doc_50_537021405 0
31 0 msmarco_v2.1_doc_51_346793794 0
31 0 msmarco_v2.1_doc_51_479001678 0
31 0 msmarco_v2.1_doc_51_614628635 0
31 0 msmarco_v2.1_doc_51_877973062 0
31 0 msmarco_v2.1_doc_52_58158811 0
31 0 msmarco_v2.1_doc_53_208065323 0
31 0 msmarco_v2.1_doc_54_261509457 0
31 0 msmarco_v2.1_doc_54_356202924 0
31 0 msmarco_v2.1_doc_54_366667952 0
31 0 msmarco_v2.1_doc_55_488856168 0
31 0 msmarco_v2.1_doc_55_841810982 0
31 0 msmarco_v2.1_doc_55_961424045 0
31 0 msmarco_v2.1_doc_57_1285172727 0
31 0 msmarco_v2.1_doc_58_1230815815 0
31 0 msmarco_v2.1_doc_58_801900666 0
31 0 msmarco_v2.1_doc_59_908723731 0
37 0 msmarco_v2.1_doc_02_831074013 4
37 0 msmarco_v2.1_doc_07_685357944 3
37 0 msmarco_v2.1_doc_14_929983453 3
37 0 msmarco_v2.1_doc_46_386806947 3
37 0 msmarco_v2.1_doc_01_1279668024 2
37 0 msmarco_v2.1_doc_01_767723933 2
37 0 msmarco_v2.1_doc_01_954463192 2
37 0 msmarco_v2.1_doc_02_584661338 2
37 0 msmarco_v2.1_doc_06_950787115 2
37 0 msmarco_v2.1_doc_07_1321511269 2
37 0 msmarco_v2.1_doc_09_503019075 2
37 0 msmarco_v2.1_doc_14_1237295160 2
37 0 msmarco_v2.1_doc_14_65970076 2
37 0 msmarco_v2.1_doc_19_1520665151 2
37 0 msmarco_v2.1_doc_20_1174108093 2
37 0 msmarco_v2.1_doc_21_273080662 2
37 0 msmarco_v2.1_doc_22_301803001 2
37 0 msmarco_v2.1_doc_22_302650521 2
37 0 msmarco_v2.1_doc_23_830724024 2
37 0 msmarco_v2.1_doc_25_1057633427 2
37 0 msmarco_v2.1_doc_25_1303409336 2
37 0 msmarco_v2.1_doc_25_138308705 2
37 0 msmarco_v2.1_doc_31_1408053752 2
37 0 msmarco_v2.1_doc_32_795749980 2
37 0 msmarco_v2.1_doc_32_795788618 2
37 0 msmarco_v2.1_doc_33_1335323691 2
37 0 msmarco_v2.1_doc_36_231729415 2
37 0 msmarco_v2.1_doc_36_533944523 2
37 0 msmarco_v2.1_doc_38_255100230 2
37 0 msmarco_v2.1_doc_39_1125587498 2
37 0 msmarco_v2.1_doc_39_92932668 2
37 0 msmarco_v2.1_doc_40_1097455 2
37 0 msmarco_v2.1_doc_40_1266008050 2
37 0 msmarco_v2.1_doc_41_509661594 2
37 0 msmarco_v2.1_doc_42_544465038 2
37 0 msmarco_v2.1_doc_42_865425582 2
37 0 msmarco_v2.1_doc_42_866913503 2
37 0 msmarco_v2.1_doc_42_935534629 2
37 0 msmarco_v2.1_doc_45_180913001 2
37 0 msmarco_v2.1_doc_46_1090798931 2
37 0 msmarco_v2.1_doc_46_386772753 2
37 0 msmarco_v2.1_doc_46_388402142 2
37 0 msmarco_v2.1_doc_46_389956205 2
37 0 msmarco_v2.1_doc_46_896098073 2
37 0 msmarco_v2.1_doc_49_764428670 2
37 0 msmarco_v2.1_doc_50_447756037 2
37 0 msmarco_v2.1_doc_52_12818250 2
37 0 msmarco_v2.1_doc_52_427024323 2
37 0 msmarco_v2.1_doc_52_4796755 2
37 0 msmarco_v2.1_doc_52_833556931 2
37 0 msmarco_v2.1_doc_56_1491636825 2
37 0 msmarco_v2.1_doc_56_369283256 2
37 0 msmarco_v2.1_doc_00_10878075 1
37 0 msmarco_v2.1_doc_00_132356393 1
37 0 msmarco_v2.1_doc_00_355538500 1
37 0 msmarco_v2.1_doc_01_1316865074 1
37 0 msmarco_v2.1_doc_01_29564990 1
37 0 msmarco_v2.1_doc_01_954414611 1
37 0 msmarco_v2.1_doc_02_1503989709 1
37 0 msmarco_v2.1_doc_02_1804716579 1
37 0 msmarco_v2.1_doc_02_35763151 1
37 0 msmarco_v2.1_doc_03_1136575668 1
37 0 msmarco_v2.1_doc_03_1220077588 1
37 0 msmarco_v2.1_doc_03_1229535879 1
37 0 msmarco_v2.1_doc_03_224238874 1
37 0 msmarco_v2.1_doc_04_1071103853 1
37 0 msmarco_v2.1_doc_04_1199013066 1
37 0 msmarco_v2.1_doc_04_1220094301 1
37 0 msmarco_v2.1_doc_04_251190063 1
37 0 msmarco_v2.1_doc_05_647715890 1
37 0 msmarco_v2.1_doc_06_1431261286 1
37 0 msmarco_v2.1_doc_06_193954125 1
37 0 msmarco_v2.1_doc_06_230384349 1
37 0 msmarco_v2.1_doc_06_950809747 1
37 0 msmarco_v2.1_doc_07_599103570 1
37 0 msmarco_v2.1_doc_07_685470138 1
37 0 msmarco_v2.1_doc_08_1474129017 1
37 0 msmarco_v2.1_doc_08_389745423 1
37 0 msmarco_v2.1_doc_08_390011363 1
37 0 msmarco_v2.1_doc_08_932573498 1
37 0 msmarco_v2.1_doc_10_1299521600 1
37 0 msmarco_v2.1_doc_10_1513167804 1
37 0 msmarco_v2.1_doc_10_297658942 1
37 0 msmarco_v2.1_doc_11_1079195289 1
37 0 msmarco_v2.1_doc_11_2782156 1
37 0 msmarco_v2.1_doc_11_590848226 1
37 0 msmarco_v2.1_doc_11_591942564 1
37 0 msmarco_v2.1_doc_11_592127767 1
37 0 msmarco_v2.1_doc_11_593649835 1
37 0 msmarco_v2.1_doc_11_71790533 1
37 0 msmarco_v2.1_doc_12_1079344047 1
37 0 msmarco_v2.1_doc_12_1813158760 1
37 0 msmarco_v2.1_doc_12_200234380 1
37 0 msmarco_v2.1_doc_12_200313896 1
37 0 msmarco_v2.1_doc_12_268738502 1
37 0 msmarco_v2.1_doc_12_499450706 1
37 0 msmarco_v2.1_doc_12_602311864 1
37 0 msmarco_v2.1_doc_13_1072754764 1
37 0 msmarco_v2.1_doc_13_1421499130 1
37 0 msmarco_v2.1_doc_13_303033826 1
37 0 msmarco_v2.1_doc_14_1163994727 1
37 0 msmarco_v2.1_doc_14_1455498552 1
37 0 msmarco_v2.1_doc_14_1464663695 1
37 0 msmarco_v2.1_doc_14_202578341 1
37 0 msmarco_v2.1_doc_14_212618893 1
37 0 msmarco_v2.1_doc_14_42686176 1
37 0 msmarco_v2.1_doc_14_929881390 1
37 0 msmarco_v2.1_doc_14_968339427 1
37 0 msmarco_v2.1_doc_15_1549521905 1
37 0 msmarco_v2.1_doc_15_1757356907 1
37 0 msmarco_v2.1_doc_15_1757803595 1
37 0 msmarco_v2.1_doc_15_349344426 1
37 0 msmarco_v2.1_doc_15_349368493 1
37 0 msmarco_v2.1_doc_16_2954105559 1
37 0 msmarco_v2.1_doc_16_321668295 1
37 0 msmarco_v2.1_doc_19_1348302348 1
37 0 msmarco_v2.1_doc_19_1360083514 1
37 0 msmarco_v2.1_doc_19_1520340169 1
37 0 msmarco_v2.1_doc_19_1521110684 1
37 0 msmarco_v2.1_doc_19_1966436291 1
37 0 msmarco_v2.1_doc_19_605722320 1
37 0 msmarco_v2.1_doc_20_1540644142 1
37 0 msmarco_v2.1_doc_21_716052697 1
37 0 msmarco_v2.1_doc_22_1340773863 1
37 0 msmarco_v2.1_doc_22_1341518594 1
37 0 msmarco_v2.1_doc_22_303818295 1
37 0 msmarco_v2.1_doc_22_628698043 1
37 0 msmarco_v2.1_doc_23_818186063 1
37 0 msmarco_v2.1_doc_24_1283626469 1
37 0 msmarco_v2.1_doc_24_490120843 1
37 0 msmarco_v2.1_doc_24_533655634 1
37 0 msmarco_v2.1_doc_24_76039983 1
37 0 msmarco_v2.1_doc_24_76053956 1
37 0 msmarco_v2.1_doc_25_1337134539 1
37 0 msmarco_v2.1_doc_25_1348291992 1
37 0 msmarco_v2.1_doc_25_1348344094 1
37 0 msmarco_v2.1_doc_25_1350309124 1
37 0 msmarco_v2.1_doc_25_1363630979 1
37 0 msmarco_v2.1_doc_25_1458674657 1
37 0 msmarco_v2.1_doc_25_382520168 1
37 0 msmarco_v2.1_doc_26_1476516008 1
37 0 msmarco_v2.1_doc_26_1509031113 1
37 0 msmarco_v2.1_doc_26_1519876555 1
37 0 msmarco_v2.1_doc_26_1529358239 1
37 0 msmarco_v2.1_doc_26_651560091 1
37 0 msmarco_v2.1_doc_26_664294501 1
37 0 msmarco_v2.1_doc_26_788952470 1
37 0 msmarco_v2.1_doc_27_1185340617 1
37 0 msmarco_v2.1_doc_27_192159734 1
37 0 msmarco_v2.1_doc_27_27793312 1
37 0 msmarco_v2.1_doc_27_564077357 1
37 0 msmarco_v2.1_doc_28_1620421968 1
37 0 msmarco_v2.1_doc_29_1118685266 1
37 0 msmarco_v2.1_doc_29_4013983 1
37 0 msmarco_v2.1_doc_30_245388997 1
37 0 msmarco_v2.1_doc_30_64710139 1
37 0 msmarco_v2.1_doc_31_1689436893 1
37 0 msmarco_v2.1_doc_31_712630376 1
37 0 msmarco_v2.1_doc_31_717287584 1
37 0 msmarco_v2.1_doc_31_725337175 1
37 0 msmarco_v2.1_doc_32_339164277 1
37 0 msmarco_v2.1_doc_33_1300842913 1
37 0 msmarco_v2.1_doc_33_694027133 1
37 0 msmarco_v2.1_doc_33_694060291 1
37 0 msmarco_v2.1_doc_34_1205737639 1
37 0 msmarco_v2.1_doc_34_1464196384 1
37 0 msmarco_v2.1_doc_34_450182309 1
37 0 msmarco_v2.1_doc_34_456549372 1
37 0 msmarco_v2.1_doc_35_1416291212 1
37 0 msmarco_v2.1_doc_35_35288152 1
37 0 msmarco_v2.1_doc_35_35295361 1
37 0 msmarco_v2.1_doc_35_719764196 1
37 0 msmarco_v2.1_doc_36_218218020 1
37 0 msmarco_v2.1_doc_36_226360122 1
37 0 msmarco_v2.1_doc_36_226600805 1
37 0 msmarco_v2.1_doc_36_226602332 1
37 0 msmarco_v2.1_doc_36_226859053 1
37 0 msmarco_v2.1_doc_36_229838033 1
37 0 msmarco_v2.1_doc_36_231602716 1
37 0 msmarco_v2.1_doc_36_231641521 1
37 0 msmarco_v2.1_doc_36_231759181 1
37 0 msmarco_v2.1_doc_36_266741260 1
37 0 msmarco_v2.1_doc_37_170921329 1
37 0 msmarco_v2.1_doc_37_414779543 1
37 0 msmarco_v2.1_doc_38_249800125 1
37 0 msmarco_v2.1_doc_38_250331466 1
37 0 msmarco_v2.1_doc_38_729499515 1
37 0 msmarco_v2.1_doc_39_1242820177 1
37 0 msmarco_v2.1_doc_39_1406675612 1
37 0 msmarco_v2.1_doc_40_156474669 1
37 0 msmarco_v2.1_doc_40_38209993 1
37 0 msmarco_v2.1_doc_40_412811224 1
37 0 msmarco_v2.1_doc_41_1682603185 1
37 0 msmarco_v2.1_doc_41_1683740727 1
37 0 msmarco_v2.1_doc_41_1688467599 1
37 0 msmarco_v2.1_doc_41_1691207597 1
37 0 msmarco_v2.1_doc_41_1692372391 1
37 0 msmarco_v2.1_doc_42_293519229 1
37 0 msmarco_v2.1_doc_42_865679991 1
37 0 msmarco_v2.1_doc_42_883486326 1
37 0 msmarco_v2.1_doc_42_883555465 1
37 0 msmarco_v2.1_doc_42_932976074 1
37 0 msmarco_v2.1_doc_42_933729662 1
37 0 msmarco_v2.1_doc_42_936385323 1
37 0 msmarco_v2.1_doc_42_936681657 1
37 0 msmarco_v2.1_doc_43_712861753 1
37 0 msmarco_v2.1_doc_44_1466329854 1
37 0 msmarco_v2.1_doc_44_483531989 1
37 0 msmarco_v2.1_doc_44_672167602 1
37 0 msmarco_v2.1_doc_45_626031837 1
37 0 msmarco_v2.1_doc_46_384566498 1
37 0 msmarco_v2.1_doc_46_384800414 1
37 0 msmarco_v2.1_doc_47_1295412964 1
37 0 msmarco_v2.1_doc_47_508108608 1
37 0 msmarco_v2.1_doc_47_520970155 1
37 0 msmarco_v2.1_doc_47_526099602 1
37 0 msmarco_v2.1_doc_47_532094542 1
37 0 msmarco_v2.1_doc_47_532237454 1
37 0 msmarco_v2.1_doc_47_534168105 1
37 0 msmarco_v2.1_doc_47_824225731 1
37 0 msmarco_v2.1_doc_48_257574575 1
37 0 msmarco_v2.1_doc_48_753938319 1
37 0 msmarco_v2.1_doc_49_110217466 1
37 0 msmarco_v2.1_doc_49_1187951256 1
37 0 msmarco_v2.1_doc_49_319878709 1
37 0 msmarco_v2.1_doc_49_407688276 1
37 0 msmarco_v2.1_doc_49_408028019 1
37 0 msmarco_v2.1_doc_49_408052653 1
37 0 msmarco_v2.1_doc_49_408917955 1
37 0 msmarco_v2.1_doc_49_408941436 1
37 0 msmarco_v2.1_doc_49_416523912 1
37 0 msmarco_v2.1_doc_50_376579190 1
37 0 msmarco_v2.1_doc_50_388134599 1
37 0 msmarco_v2.1_doc_50_394765726 1
37 0 msmarco_v2.1_doc_50_41080513 1
37 0 msmarco_v2.1_doc_50_429953378 1
37 0 msmarco_v2.1_doc_50_444197769 1
37 0 msmarco_v2.1_doc_50_484883746 1
37 0 msmarco_v2.1_doc_50_499080962 1
37 0 msmarco_v2.1_doc_51_1079758397 1
37 0 msmarco_v2.1_doc_51_1483175109 1
37 0 msmarco_v2.1_doc_51_1960806644 1
37 0 msmarco_v2.1_doc_52_17256388 1
37 0 msmarco_v2.1_doc_52_531783767 1
37 0 msmarco_v2.1_doc_52_538130182 1
37 0 msmarco_v2.1_doc_52_56549593 1
37 0 msmarco_v2.1_doc_53_517117966 1
37 0 msmarco_v2.1_doc_53_968395708 1
37 0 msmarco_v2.1_doc_54_249194480 1
37 0 msmarco_v2.1_doc_55_1128641578 1
37 0 msmarco_v2.1_doc_56_1470299787 1
37 0 msmarco_v2.1_doc_56_1567540840 1
37 0 msmarco_v2.1_doc_56_396342935 1
37 0 msmarco_v2.1_doc_56_400537614 1
37 0 msmarco_v2.1_doc_56_401941453 1
37 0 msmarco_v2.1_doc_56_658038835 1
37 0 msmarco_v2.1_doc_57_1206785686 1
37 0 msmarco_v2.1_doc_57_15435357 1
37 0 msmarco_v2.1_doc_57_15857515 1
37 0 msmarco_v2.1_doc_57_230819938 1
37 0 msmarco_v2.1_doc_57_655230632 1
37 0 msmarco_v2.1_doc_59_408105979 1
37 0 msmarco_v2.1_doc_01_1549288038 0
37 0 msmarco_v2.1_doc_01_2060933431 0
37 0 msmarco_v2.1_doc_01_726751005 0
37 0 msmarco_v2.1_doc_02_1504036231 0
37 0 msmarco_v2.1_doc_02_611503109 0
37 0 msmarco_v2.1_doc_02_683061298 0
37 0 msmarco_v2.1_doc_02_830581922 0
37 0 msmarco_v2.1_doc_04_1383540253 0
37 0 msmarco_v2.1_doc_04_426901399 0
37 0 msmarco_v2.1_doc_05_1620483142 0
37 0 msmarco_v2.1_doc_05_1828530791 0
37 0 msmarco_v2.1_doc_06_248984741 0
37 0 msmarco_v2.1_doc_07_1295308452 0
37 0 msmarco_v2.1_doc_07_1440064990 0
37 0 msmarco_v2.1_doc_07_877811083 0
37 0 msmarco_v2.1_doc_08_1247681308 0
37 0 msmarco_v2.1_doc_09_896593711 0
37 0 msmarco_v2.1_doc_09_896620046 0
37 0 msmarco_v2.1_doc_10_231531279 0
37 0 msmarco_v2.1_doc_10_773348751 0
37 0 msmarco_v2.1_doc_11_31886024 0
37 0 msmarco_v2.1_doc_11_595379506 0
37 0 msmarco_v2.1_doc_11_67887088 0
37 0 msmarco_v2.1_doc_13_699061573 0
37 0 msmarco_v2.1_doc_13_84203434 0
37 0 msmarco_v2.1_doc_14_200047631 0
37 0 msmarco_v2.1_doc_14_925755178 0
37 0 msmarco_v2.1_doc_15_1461603040 0
37 0 msmarco_v2.1_doc_16_17039589 0
37 0 msmarco_v2.1_doc_16_811846990 0
37 0 msmarco_v2.1_doc_16_9802081 0
37 0 msmarco_v2.1_doc_18_1922466336 0
37 0 msmarco_v2.1_doc_21_262232411 0
37 0 msmarco_v2.1_doc_21_347912467 0
37 0 msmarco_v2.1_doc_21_516167516 0
37 0 msmarco_v2.1_doc_21_516257713 0
37 0 msmarco_v2.1_doc_21_526552285 0
37 0 msmarco_v2.1_doc_21_711650233 0
37 0 msmarco_v2.1_doc_22_1206514072 0
37 0 msmarco_v2.1_doc_22_506384355 0
37 0 msmarco_v2.1_doc_22_506387213 0
37 0 msmarco_v2.1_doc_23_315958412 0
37 0 msmarco_v2.1_doc_23_466417264 0
37 0 msmarco_v2.1_doc_23_578744264 0
37 0 msmarco_v2.1_doc_24_1302951884 0
37 0 msmarco_v2.1_doc_24_1655488119 0
37 0 msmarco_v2.1_doc_24_569307548 0
37 0 msmarco_v2.1_doc_25_1353185389 0
37 0 msmarco_v2.1_doc_25_1364802447 0
37 0 msmarco_v2.1_doc_25_794735160 0
37 0 msmarco_v2.1_doc_25_831470615 0
37 0 msmarco_v2.1_doc_26_1453198809 0
37 0 msmarco_v2.1_doc_26_1825674856 0
37 0 msmarco_v2.1_doc_26_632884223 0
37 0 msmarco_v2.1_doc_26_662448694 0
37 0 msmarco_v2.1_doc_27_1040633656 0
37 0 msmarco_v2.1_doc_27_192622495 0
37 0 msmarco_v2.1_doc_27_555215191 0
37 0 msmarco_v2.1_doc_28_139131562 0
37 0 msmarco_v2.1_doc_28_720769317 0
37 0 msmarco_v2.1_doc_33_1349236018 0
37 0 msmarco_v2.1_doc_33_221236601 0
37 0 msmarco_v2.1_doc_33_750656151 0
37 0 msmarco_v2.1_doc_34_1481093156 0
37 0 msmarco_v2.1_doc_34_461575133 0
37 0 msmarco_v2.1_doc_34_954404519 0
37 0 msmarco_v2.1_doc_36_226696146 0
37 0 msmarco_v2.1_doc_36_227641045 0
37 0 msmarco_v2.1_doc_36_228014267 0
37 0 msmarco_v2.1_doc_36_230411450 0
37 0 msmarco_v2.1_doc_36_231708204 0
37 0 msmarco_v2.1_doc_42_21804064 0
37 0 msmarco_v2.1_doc_42_867439883 0
37 0 msmarco_v2.1_doc_43_246054684 0
37 0 msmarco_v2.1_doc_44_1466216426 0
37 0 msmarco_v2.1_doc_45_566638774 0
37 0 msmarco_v2.1_doc_47_1295199645 0
37 0 msmarco_v2.1_doc_47_1374296718 0
37 0 msmarco_v2.1_doc_48_526390077 0
37 0 msmarco_v2.1_doc_49_404363798 0
37 0 msmarco_v2.1_doc_50_368680458 0
37 0 msmarco_v2.1_doc_51_247461224 0
37 0 msmarco_v2.1_doc_54_352804345 0
37 0 msmarco_v2.1_doc_55_24667866 0
37 0 msmarco_v2.1_doc_55_468823892 0
37 0 msmarco_v2.1_doc_56_1428986552 0
37 0 msmarco_v2.1_doc_56_1470290968 0
37 0 msmarco_v2.1_doc_57_1278099790 0
37 0 msmarco_v2.1_doc_57_16051414 0
37 0 msmarco_v2.1_doc_59_651560736 0
37 0 msmarco_v2.1_doc_59_830282108 0
58 0 msmarco_v2.1_doc_20_1589753260 4
58 0 msmarco_v2.1_doc_52_1341317076 4
58 0 msmarco_v2.1_doc_15_1740077304 3
58 0 msmarco_v2.1_doc_20_1567799324 3
58 0 msmarco_v2.1_doc_22_168762616 3
58 0 msmarco_v2.1_doc_28_1059722148 3
58 0 msmarco_v2.1_doc_32_1053674973 3
58 0 msmarco_v2.1_doc_50_261092865 3
58 0 msmarco_v2.1_doc_02_1391397267 2
58 0 msmarco_v2.1_doc_02_634559147 2
58 0 msmarco_v2.1_doc_05_440327004 2
58 0 msmarco_v2.1_doc_08_1136787284 2
58 0 msmarco_v2.1_doc_18_676819157 2
58 0 msmarco_v2.1_doc_19_1032588130 2
58 0 msmarco_v2.1_doc_19_1355415755 2
58 0 msmarco_v2.1_doc_19_920536058 2
58 0 msmarco_v2.1_doc_19_946128061 2
58 0 msmarco_v2.1_doc_26_650331703 2
58 0 msmarco_v2.1_doc_27_1242860750 2
58 0 msmarco_v2.1_doc_29_58955738 2
58 0 msmarco_v2.1_doc_30_1543817863 2
58 0 msmarco_v2.1_doc_31_1306705229 2
58 0 msmarco_v2.1_doc_31_250278533 2
58 0 msmarco_v2.1_doc_32_1053895640 2
58 0 msmarco_v2.1_doc_32_1637983143 2
58 0 msmarco_v2.1_doc_34_1619563473 2
58 0 msmarco_v2.1_doc_40_1490624383 2
58 0 msmarco_v2.1_doc_44_64663170 2
58 0 msmarco_v2.1_doc_45_907616908 2
58 0 msmarco_v2.1_doc_47_1426422745 2
58 0 msmarco_v2.1_doc_49_1591403491 2
58 0 msmarco_v2.1_doc_55_23246051 2
58 0 msmarco_v2.1_doc_00_322358830 1
58 0 msmarco_v2.1_doc_01_1163289316 1
58 0 msmarco_v2.1_doc_01_12537957 1
58 0 msmarco_v2.1_doc_01_1910113119 1
58 0 msmarco_v2.1_doc_01_2098317182 1
58 0 msmarco_v2.1_doc_01_409911545 1
58 0 msmarco_v2.1_doc_02_1406650770 1
58 0 msmarco_v2.1_doc_02_1465207548 1
58 0 msmarco_v2.1_doc_02_1491034078 1
58 0 msmarco_v2.1_doc_02_1555235152 1
58 0 msmarco_v2.1_doc_02_1824135729 1
58 0 msmarco_v2.1_doc_02_52672871 1
58 0 msmarco_v2.1_doc_02_634535975 1
58 0 msmarco_v2.1_doc_02_634543581 1
58 0 msmarco_v2.1_doc_02_634565664 1
58 0 msmarco_v2.1_doc_02_634663136 1
58 0 msmarco_v2.1_doc_02_692694565 1
58 0 msmarco_v2.1_doc_03_1097515876 1
58 0 msmarco_v2.1_doc_03_214256543 1
58 0 msmarco_v2.1_doc_03_957731655 1
58 0 msmarco_v2.1_doc_03_957860146 1
58 0 msmarco_v2.1_doc_04_133948613 1
58 0 msmarco_v2.1_doc_04_1367651999 1
58 0 msmarco_v2.1_doc_05_1213913820 1
58 0 msmarco_v2.1_doc_05_1258330907 1
58 0 msmarco_v2.1_doc_05_1278798869 1
58 0 msmarco_v2.1_doc_05_1536385688 1
58 0 msmarco_v2.1_doc_05_1616754182 1
58 0 msmarco_v2.1_doc_05_1632488098 1
58 0 msmarco_v2.1_doc_05_1669614720 1
58 0 msmarco_v2.1_doc_05_238353884 1
58 0 msmarco_v2.1_doc_05_440391074 1
58 0 msmarco_v2.1_doc_05_440605128 1
58 0 msmarco_v2.1_doc_05_561273505 1
58 0 msmarco_v2.1_doc_05_852261083 1
58 0 msmarco_v2.1_doc_06_1821986561 1
58 0 msmarco_v2.1_doc_06_1821990105 1
58 0 msmarco_v2.1_doc_06_918463960 1
58 0 msmarco_v2.1_doc_06_920706942 1
58 0 msmarco_v2.1_doc_06_9961664 1
58 0 msmarco_v2.1_doc_08_1478580624 1
58 0 msmarco_v2.1_doc_08_1524630080 1
58 0 msmarco_v2.1_doc_08_1559319489 1
58 0 msmarco_v2.1_doc_08_400515749 1
58 0 msmarco_v2.1_doc_08_400526575 1
58 0 msmarco_v2.1_doc_08_400529577 1
58 0 msmarco_v2.1_doc_08_485936834 1
58 0 msmarco_v2.1_doc_08_614526793 1
58 0 msmarco_v2.1_doc_08_861692603 1
58 0 msmarco_v2.1_doc_09_1242128180 1
58 0 msmarco_v2.1_doc_09_194490844 1
58 0 msmarco_v2.1_doc_09_196011333 1
58 0 msmarco_v2.1_doc_09_224262073 1
58 0 msmarco_v2.1_doc_09_621121051 1
58 0 msmarco_v2.1_doc_10_1286110227 1
58 0 msmarco_v2.1_doc_10_1378311635 1
58 0 msmarco_v2.1_doc_10_1471901021 1
58 0 msmarco_v2.1_doc_11_1410230367 1
58 0 msmarco_v2.1_doc_11_1418554576 1
58 0 msmarco_v2.1_doc_11_991167125 1
58 0 msmarco_v2.1_doc_12_34504710 1
58 0 msmarco_v2.1_doc_13_1176343957 1
58 0 msmarco_v2.1_doc_13_1223728109 1
58 0 msmarco_v2.1_doc_13_732100862 1
58 0 msmarco_v2.1_doc_13_758804157 1
58 0 msmarco_v2.1_doc_13_792491877 1
58 0 msmarco_v2.1_doc_14_1182920425 1
58 0 msmarco_v2.1_doc_14_923180581 1
58 0 msmarco_v2.1_doc_15_564196769 1
58 0 msmarco_v2.1_doc_16_3193144513 1
58 0 msmarco_v2.1_doc_16_742217773 1
58 0 msmarco_v2.1_doc_17_1838084909 1
58 0 msmarco_v2.1_doc_17_516486846 1
58 0 msmarco_v2.1_doc_18_678517312 1
58 0 msmarco_v2.1_doc_19_1260116821 1
58 0 msmarco_v2.1_doc_19_947163672 1
58 0 msmarco_v2.1_doc_20_1056816276 1
58 0 msmarco_v2.1_doc_20_1571811767 1
58 0 msmarco_v2.1_doc_20_1571908486 1
58 0 msmarco_v2.1_doc_20_1588635418 1
58 0 msmarco_v2.1_doc_20_1589766732 1
58 0 msmarco_v2.1_doc_20_430082208 1
58 0 msmarco_v2.1_doc_20_612716829 1
58 0 msmarco_v2.1_doc_20_620956766 1
58 0 msmarco_v2.1_doc_20_99665615 1
58 0 msmarco_v2.1_doc_22_1279894776 1
58 0 msmarco_v2.1_doc_22_1567189201 1
58 0 msmarco_v2.1_doc_22_168092586 1
58 0 msmarco_v2.1_doc_22_728938222 1
58 0 msmarco_v2.1_doc_23_102218929 1
58 0 msmarco_v2.1_doc_23_73984177 1
58 0 msmarco_v2.1_doc_24_1672651232 1
58 0 msmarco_v2.1_doc_24_1672658473 1
58 0 msmarco_v2.1_doc_24_187019002 1
58 0 msmarco_v2.1_doc_24_368619423 1
58 0 msmarco_v2.1_doc_25_1106553515 1
58 0 msmarco_v2.1_doc_25_1107475752 1
58 0 msmarco_v2.1_doc_25_1565843641 1
58 0 msmarco_v2.1_doc_25_282143873 1
58 0 msmarco_v2.1_doc_25_386656543 1
58 0 msmarco_v2.1_doc_25_386729597 1
58 0 msmarco_v2.1_doc_25_386827717 1
58 0 msmarco_v2.1_doc_25_387215703 1
58 0 msmarco_v2.1_doc_25_488334439 1
58 0 msmarco_v2.1_doc_25_81655189 1
58 0 msmarco_v2.1_doc_26_1697493204 1
58 0 msmarco_v2.1_doc_26_1736585893 1
58 0 msmarco_v2.1_doc_26_1754579619 1
58 0 msmarco_v2.1_doc_26_184282897 1
58 0 msmarco_v2.1_doc_26_184447776 1
58 0 msmarco_v2.1_doc_26_185211024 1
58 0 msmarco_v2.1_doc_26_81959279 1
58 0 msmarco_v2.1_doc_27_1277984681 1
58 0 msmarco_v2.1_doc_27_1277996003 1
58 0 msmarco_v2.1_doc_27_1280773537 1
58 0 msmarco_v2.1_doc_27_1286077160 1
58 0 msmarco_v2.1_doc_27_1287393313 1
58 0 msmarco_v2.1_doc_27_65133748 1
58 0 msmarco_v2.1_doc_28_1502947178 1
58 0 msmarco_v2.1_doc_28_292010837 1
58 0 msmarco_v2.1_doc_28_292022219 1
58 0 msmarco_v2.1_doc_28_505943253 1
58 0 msmarco_v2.1_doc_28_736636057 1
58 0 msmarco_v2.1_doc_28_783946080 1
58 0 msmarco_v2.1_doc_29_1231895420 1
58 0 msmarco_v2.1_doc_29_1344137622 1
58 0 msmarco_v2.1_doc_29_1390471212 1
58 0 msmarco_v2.1_doc_29_463705965 1
58 0 msmarco_v2.1_doc_30_102625735 1
58 0 msmarco_v2.1_doc_30_102643553 1
58 0 msmarco_v2.1_doc_30_1442906568 1
58 0 msmarco_v2.1_doc_31_1306094186 1
58 0 msmarco_v2.1_doc_31_812369725 1
58 0 msmarco_v2.1_doc_32_1053965968 1
58 0 msmarco_v2.1_doc_32_1629809738 1
58 0 msmarco_v2.1_doc_32_686812467 1
58 0 msmarco_v2.1_doc_34_1476772145 1
58 0 msmarco_v2.1_doc_34_1638912976 1
58 0 msmarco_v2.1_doc_34_470325679 1
58 0 msmarco_v2.1_doc_35_1630837545 1
58 0 msmarco_v2.1_doc_35_227370965 1
58 0 msmarco_v2.1_doc_36_1143430643 1
58 0 msmarco_v2.1_doc_36_1331825803 1
58 0 msmarco_v2.1_doc_36_1332825341 1
58 0 msmarco_v2.1_doc_37_1384831954 1
58 0 msmarco_v2.1_doc_37_147407839 1
58 0 msmarco_v2.1_doc_38_1227886138 1
58 0 msmarco_v2.1_doc_39_426439413 1
58 0 msmarco_v2.1_doc_39_499654961 1
58 0 msmarco_v2.1_doc_40_1167117150 1
58 0 msmarco_v2.1_doc_40_976275892 1
58 0 msmarco_v2.1_doc_41_1933861333 1
58 0 msmarco_v2.1_doc_41_1951542170 1
58 0 msmarco_v2.1_doc_41_516005658 1
58 0 msmarco_v2.1_doc_42_1507894902 1
58 0 msmarco_v2.1_doc_43_496676370 1
58 0 msmarco_v2.1_doc_44_1636816850 1
58 0 msmarco_v2.1_doc_44_241626269 1
58 0 msmarco_v2.1_doc_44_418410694 1
58 0 msmarco_v2.1_doc_44_984133896 1
58 0 msmarco_v2.1_doc_45_794501428 1
58 0 msmarco_v2.1_doc_48_1097486295 1
58 0 msmarco_v2.1_doc_48_1104726425 1
58 0 msmarco_v2.1_doc_48_1568050860 1
58 0 msmarco_v2.1_doc_48_1568099952 1
58 0 msmarco_v2.1_doc_48_1701456443 1
58 0 msmarco_v2.1_doc_48_299542408 1
58 0 msmarco_v2.1_doc_48_299546717 1
58 0 msmarco_v2.1_doc_48_331613869 1
58 0 msmarco_v2.1_doc_48_772864798 1
58 0 msmarco_v2.1_doc_48_93628796 1
58 0 msmarco_v2.1_doc_49_1087495370 1
58 0 msmarco_v2.1_doc_49_1237380781 1
58 0 msmarco_v2.1_doc_49_1552871342 1
58 0 msmarco_v2.1_doc_50_1421390210 1
58 0 msmarco_v2.1_doc_51_1474054175 1
58 0 msmarco_v2.1_doc_51_1521583377 1
58 0 msmarco_v2.1_doc_52_1341209072 1
58 0 msmarco_v2.1_doc_52_38529383 1
58 0 msmarco_v2.1_doc_52_54974623 1
58 0 msmarco_v2.1_doc_52_63051230 1
58 0 msmarco_v2.1_doc_55_469298806 1
58 0 msmarco_v2.1_doc_58_1233401881 1
58 0 msmarco_v2.1_doc_58_1406848142 1
58 0 msmarco_v2.1_doc_59_262682523 1
58 0 msmarco_v2.1_doc_01_2097417675 0
58 0 msmarco_v2.1_doc_02_1406654357 0
58 0 msmarco_v2.1_doc_04_996491680 0
58 0 msmarco_v2.1_doc_07_1083220250 0
58 0 msmarco_v2.1_doc_19_553335419 0
58 0 msmarco_v2.1_doc_24_838317518 0
58 0 msmarco_v2.1_doc_27_1263474362 0
58 0 msmarco_v2.1_doc_36_264018238 0
58 0 msmarco_v2.1_doc_39_1266818975 0
58 0 msmarco_v2.1_doc_48_1044089194 0
58 0 msmarco_v2.1_doc_49_1001494144 0
58 0 msmarco_v2.1_doc_49_1591471872 0
72 0 msmarco_v2.1_doc_02_1403578551 4
72 0 msmarco_v2.1_doc_20_1589418046 4
72 0 msmarco_v2.1_doc_29_1032249027 4
72 0 msmarco_v2.1_doc_36_1330712160 4
72 0 msmarco_v2.1_doc_36_1331624999 4
72 0 msmarco_v2.1_doc_58_1255136174 4
72 0 msmarco_v2.1_doc_01_714568338 3
72 0 msmarco_v2.1_doc_19_1030417998 3
72 0 msmarco_v2.1_doc_27_1258196376 3
72 0 msmarco_v2.1_doc_28_6245698 3
72 0 msmarco_v2.1_doc_33_1352935677 3
72 0 msmarco_v2.1_doc_55_291662241 3
72 0 msmarco_v2.1_doc_00_1066472112 2
72 0 msmarco_v2.1_doc_00_1348179137 2
72 0 msmarco_v2.1_doc_00_1348183513 2
72 0 msmarco_v2.1_doc_00_1651664129 2
72 0 msmarco_v2.1_doc_01_617057485 2
72 0 msmarco_v2.1_doc_03_1011715326 2
72 0 msmarco_v2.1_doc_06_917109103 2
72 0 msmarco_v2.1_doc_07_950682828 2
72 0 msmarco_v2.1_doc_08_905820227 2
72 0 msmarco_v2.1_doc_10_1408458802 2
72 0 msmarco_v2.1_doc_11_966003417 2
72 0 msmarco_v2.1_doc_13_1153035941 2
72 0 msmarco_v2.1_doc_13_1376025127 2
72 0 msmarco_v2.1_doc_15_144481427 2
72 0 msmarco_v2.1_doc_17_44611446 2
72 0 msmarco_v2.1_doc_17_888178464 2
72 0 msmarco_v2.1_doc_17_888305207 2
72 0 msmarco_v2.1_doc_18_1580391299 2
72 0 msmarco_v2.1_doc_22_910906936 2
72 0 msmarco_v2.1_doc_23_1292165411 2
72 0 msmarco_v2.1_doc_25_281899430 2
72 0 msmarco_v2.1_doc_26_43965178 2
72 0 msmarco_v2.1_doc_27_1260929154 2
72 0 msmarco_v2.1_doc_27_1266490452 2
72 0 msmarco_v2.1_doc_27_188305164 2
72 0 msmarco_v2.1_doc_28_1681822640 2
72 0 msmarco_v2.1_doc_28_1710275417 2
72 0 msmarco_v2.1_doc_28_5738595 2
72 0 msmarco_v2.1_doc_28_585560120 2
72 0 msmarco_v2.1_doc_30_1107506195 2
72 0 msmarco_v2.1_doc_31_1482834280 2
72 0 msmarco_v2.1_doc_31_815948757 2
72 0 msmarco_v2.1_doc_33_1183741967 2
72 0 msmarco_v2.1_doc_33_1357288869 2
72 0 msmarco_v2.1_doc_35_817292715 2
72 0 msmarco_v2.1_doc_38_1349454926 2
72 0 msmarco_v2.1_doc_38_1355788317 2
72 0 msmarco_v2.1_doc_39_193024694 2
72 0 msmarco_v2.1_doc_39_840338639 2
72 0 msmarco_v2.1_doc_41_1742713675 2
72 0 msmarco_v2.1_doc_41_1932685418 2
72 0 msmarco_v2.1_doc_44_464584610 2
72 0 msmarco_v2.1_doc_47_310486388 2
72 0 msmarco_v2.1_doc_51_164488745 2
72 0 msmarco_v2.1_doc_54_499116150 2
72 0 msmarco_v2.1_doc_55_297069834 2
72 0 msmarco_v2.1_doc_55_297083959 2
72 0 msmarco_v2.1_doc_55_453538141 2
72 0 msmarco_v2.1_doc_55_841789153 2
72 0 msmarco_v2.1_doc_56_1256590122 2
72 0 msmarco_v2.1_doc_57_767637179 2
72 0 msmarco_v2.1_doc_00_1067080464 1
72 0 msmarco_v2.1_doc_00_1348181386 1
72 0 msmarco_v2.1_doc_01_1058307024 1
72 0 msmarco_v2.1_doc_01_1163473644 1
72 0 msmarco_v2.1_doc_01_1819687568 1
72 0 msmarco_v2.1_doc_01_724111670 1
72 0 msmarco_v2.1_doc_02_1124860516 1
72 0 msmarco_v2.1_doc_02_1214764947 1
72 0 msmarco_v2.1_doc_02_1704101700 1
72 0 msmarco_v2.1_doc_02_521748917 1
72 0 msmarco_v2.1_doc_03_106946148 1
72 0 msmarco_v2.1_doc_03_1581077985 1
72 0 msmarco_v2.1_doc_03_389656137 1
72 0 msmarco_v2.1_doc_04_120491562 1
72 0 msmarco_v2.1_doc_04_136813062 1
72 0 msmarco_v2.1_doc_04_169169077 1
72 0 msmarco_v2.1_doc_04_173154758 1
72 0 msmarco_v2.1_doc_04_333349365 1
72 0 msmarco_v2.1_doc_04_57697875 1
72 0 msmarco_v2.1_doc_06_28227968 1
72 0 msmarco_v2.1_doc_06_284702156 1
72 0 msmarco_v2.1_doc_06_686049057 1
72 0 msmarco_v2.1_doc_06_730470761 1
72 0 msmarco_v2.1_doc_06_918417390 1
72 0 msmarco_v2.1_doc_07_446010883 1
72 0 msmarco_v2.1_doc_08_1441602525 1
72 0 msmarco_v2.1_doc_08_83094718 1
72 0 msmarco_v2.1_doc_09_12227531 1
72 0 msmarco_v2.1_doc_09_1719327816 1
72 0 msmarco_v2.1_doc_09_910464182 1
72 0 msmarco_v2.1_doc_10_1407947097 1
72 0 msmarco_v2.1_doc_10_1408004879 1
72 0 msmarco_v2.1_doc_10_160732557 1
72 0 msmarco_v2.1_doc_10_698269565 1
72 0 msmarco_v2.1_doc_10_698281401 1
72 0 msmarco_v2.1_doc_11_966258299 1
72 0 msmarco_v2.1_doc_12_35540488 1
72 0 msmarco_v2.1_doc_12_459184278 1
72 0 msmarco_v2.1_doc_13_662836673 1
72 0 msmarco_v2.1_doc_13_699525981 1
72 0 msmarco_v2.1_doc_14_1491406521 1
72 0 msmarco_v2.1_doc_14_1709921293 1
72 0 msmarco_v2.1_doc_15_1684768841 1
72 0 msmarco_v2.1_doc_15_1763206474 1
72 0 msmarco_v2.1_doc_15_1781394151 1
72 0 msmarco_v2.1_doc_16_1275283042 1
72 0 msmarco_v2.1_doc_16_133599522 1
72 0 msmarco_v2.1_doc_17_44751147 1
72 0 msmarco_v2.1_doc_17_541330643 1
72 0 msmarco_v2.1_doc_18_1415941472 1
72 0 msmarco_v2.1_doc_19_1028456212 1
72 0 msmarco_v2.1_doc_19_1029836496 1
72 0 msmarco_v2.1_doc_19_1031563619 1
72 0 msmarco_v2.1_doc_19_1033167647 1
72 0 msmarco_v2.1_doc_19_1034468263 1
72 0 msmarco_v2.1_doc_19_1435682735 1
72 0 msmarco_v2.1_doc_19_1751522334 1
72 0 msmarco_v2.1_doc_20_1263278287 1
72 0 msmarco_v2.1_doc_20_1573722823 1
72 0 msmarco_v2.1_doc_20_1575944051 1
72 0 msmarco_v2.1_doc_20_1580792022 1
72 0 msmarco_v2.1_doc_20_1588644840 1
72 0 msmarco_v2.1_doc_20_618903367 1
72 0 msmarco_v2.1_doc_21_1007937057 1
72 0 msmarco_v2.1_doc_21_1008147127 1
72 0 msmarco_v2.1_doc_21_1008429597 1
72 0 msmarco_v2.1_doc_21_65882920 1
72 0 msmarco_v2.1_doc_21_758343111 1
72 0 msmarco_v2.1_doc_22_936232606 1
72 0 msmarco_v2.1_doc_22_937677574 1
72 0 msmarco_v2.1_doc_23_1625019662 1
72 0 msmarco_v2.1_doc_23_221632916 1
72 0 msmarco_v2.1_doc_23_725343383 1
72 0 msmarco_v2.1_doc_23_956512997 1
72 0 msmarco_v2.1_doc_24_1023768350 1
72 0 msmarco_v2.1_doc_24_1603693372 1
72 0 msmarco_v2.1_doc_24_1624400573 1
72 0 msmarco_v2.1_doc_24_30667015 1
72 0 msmarco_v2.1_doc_24_757650783 1
72 0 msmarco_v2.1_doc_24_992900703 1
72 0 msmarco_v2.1_doc_25_113662012 1
72 0 msmarco_v2.1_doc_26_100698109 1
72 0 msmarco_v2.1_doc_26_103222754 1
72 0 msmarco_v2.1_doc_26_650085267 1
72 0 msmarco_v2.1_doc_27_1218265340 1
72 0 msmarco_v2.1_doc_27_1247733070 1
72 0 msmarco_v2.1_doc_27_1253882658 1
72 0 msmarco_v2.1_doc_27_1258186193 1
72 0 msmarco_v2.1_doc_27_1271348151 1
72 0 msmarco_v2.1_doc_27_1284076227 1
72 0 msmarco_v2.1_doc_27_1286339589 1
72 0 msmarco_v2.1_doc_27_188237418 1
72 0 msmarco_v2.1_doc_29_1068990302 1
72 0 msmarco_v2.1_doc_29_1182021375 1
72 0 msmarco_v2.1_doc_29_1411522721 1
72 0 msmarco_v2.1_doc_29_464018826 1
72 0 msmarco_v2.1_doc_30_1058868576 1
72 0 msmarco_v2.1_doc_30_1107885380 1
72 0 msmarco_v2.1_doc_30_124126349 1
72 0 msmarco_v2.1_doc_30_1906098888 1
72 0 msmarco_v2.1_doc_31_1067305721 1
72 0 msmarco_v2.1_doc_31_1077346522 1
72 0 msmarco_v2.1_doc_32_343781087 1
72 0 msmarco_v2.1_doc_33_1358964573 1
72 0 msmarco_v2.1_doc_33_366211261 1
72 0 msmarco_v2.1_doc_34_1606842446 1
72 0 msmarco_v2.1_doc_36_1328869584 1
72 0 msmarco_v2.1_doc_36_1331444002 1
72 0 msmarco_v2.1_doc_36_1332552818 1
72 0 msmarco_v2.1_doc_36_1332808468 1
72 0 msmarco_v2.1_doc_36_1604955057 1
72 0 msmarco_v2.1_doc_36_613306985 1
72 0 msmarco_v2.1_doc_38_1349012585 1
72 0 msmarco_v2.1_doc_38_1350126318 1
72 0 msmarco_v2.1_doc_38_1350302639 1
72 0 msmarco_v2.1_doc_38_1350469720 1
72 0 msmarco_v2.1_doc_38_1351986560 1
72 0 msmarco_v2.1_doc_38_1356306706 1
72 0 msmarco_v2.1_doc_38_622883788 1
72 0 msmarco_v2.1_doc_41_1932462835 1
72 0 msmarco_v2.1_doc_41_1932509967 1
72 0 msmarco_v2.1_doc_41_1932763022 1
72 0 msmarco_v2.1_doc_41_1958072445 1
72 0 msmarco_v2.1_doc_44_464609431 1
72 0 msmarco_v2.1_doc_44_464694704 1
72 0 msmarco_v2.1_doc_44_55928661 1
72 0 msmarco_v2.1_doc_47_1066565069 1
72 0 msmarco_v2.1_doc_47_1437190044 1
72 0 msmarco_v2.1_doc_50_1431856571 1
72 0 msmarco_v2.1_doc_50_2473519360 1
72 0 msmarco_v2.1_doc_50_2473790983 1
72 0 msmarco_v2.1_doc_50_549445335 1
72 0 msmarco_v2.1_doc_50_82391636 1
72 0 msmarco_v2.1_doc_50_875202413 1
72 0 msmarco_v2.1_doc_50_951105421 1
72 0 msmarco_v2.1_doc_50_986587841 1
72 0 msmarco_v2.1_doc_51_1484832006 1
72 0 msmarco_v2.1_doc_51_428403566 1
72 0 msmarco_v2.1_doc_51_819319719 1
72 0 msmarco_v2.1_doc_54_280821221 1
72 0 msmarco_v2.1_doc_54_364094858 1
72 0 msmarco_v2.1_doc_54_480650922 1
72 0 msmarco_v2.1_doc_55_832949164 1
72 0 msmarco_v2.1_doc_56_311704783 1
72 0 msmarco_v2.1_doc_56_374292872 1
72 0 msmarco_v2.1_doc_56_374656972 1
72 0 msmarco_v2.1_doc_57_173087743 1
72 0 msmarco_v2.1_doc_58_1257155885 1
72 0 msmarco_v2.1_doc_59_238050129 1
72 0 msmarco_v2.1_doc_59_878655806 1
72 0 msmarco_v2.1_doc_01_286695727 0
72 0 msmarco_v2.1_doc_03_330849638 0
72 0 msmarco_v2.1_doc_06_914972705 0
72 0 msmarco_v2.1_doc_08_861698404 0
72 0 msmarco_v2.1_doc_16_1886960380 0
72 0 msmarco_v2.1_doc_17_109146946 0
72 0 msmarco_v2.1_doc_17_2752301468 0
72 0 msmarco_v2.1_doc_17_2763021550 0
72 0 msmarco_v2.1_doc_17_3497576783 0
72 0 msmarco_v2.1_doc_17_617907467 0
72 0 msmarco_v2.1_doc_17_737914235 0
72 0 msmarco_v2.1_doc_17_888993566 0
72 0 msmarco_v2.1_doc_17_889189079 0
72 0 msmarco_v2.1_doc_18_1969569527 0
72 0 msmarco_v2.1_doc_18_2141473841 0
72 0 msmarco_v2.1_doc_18_2357709641 0
72 0 msmarco_v2.1_doc_18_3224768556 0
72 0 msmarco_v2.1_doc_18_344689992 0
72 0 msmarco_v2.1_doc_19_141903002 0
84 0 msmarco_v2.1_doc_16_390162578 4
84 0 msmarco_v2.1_doc_50_512479797 4
84 0 msmarco_v2.1_doc_08_388391506 3
84 0 msmarco_v2.1_doc_16_1839399338 3
84 0 msmarco_v2.1_doc_18_1506376652 3
84 0 msmarco_v2.1_doc_47_1281632470 3
84 0 msmarco_v2.1_doc_02_863112822 2
84 0 msmarco_v2.1_doc_06_1578298915 2
84 0 msmarco_v2.1_doc_10_771304242 2
84 0 msmarco_v2.1_doc_16_1839237151 2
84 0 msmarco_v2.1_doc_16_2648170909 2
84 0 msmarco_v2.1_doc_16_919393955 2
84 0 msmarco_v2.1_doc_19_229264545 2
84 0 msmarco_v2.1_doc_19_229349291 2
84 0 msmarco_v2.1_doc_19_726725908 2
84 0 msmarco_v2.1_doc_23_497974397 2
84 0 msmarco_v2.1_doc_24_285503877 2
84 0 msmarco_v2.1_doc_32_474119735 2
84 0 msmarco_v2.1_doc_34_24036697 2
84 0 msmarco_v2.1_doc_35_1453342066 2
84 0 msmarco_v2.1_doc_35_1456917475 2
84 0 msmarco_v2.1_doc_40_234235641 2
84 0 msmarco_v2.1_doc_46_909338695 2
84 0 msmarco_v2.1_doc_56_474981115 2
84 0 msmarco_v2.1_doc_57_1087773785 2
84 0 msmarco_v2.1_doc_57_1292699089 2
84 0 msmarco_v2.1_doc_57_1292931426 2
84 0 msmarco_v2.1_doc_00_1084700558 1
84 0 msmarco_v2.1_doc_00_1159961650 1
84 0 msmarco_v2.1_doc_00_901375937 1
84 0 msmarco_v2.1_doc_00_901391546 1
84 0 msmarco_v2.1_doc_01_1615986005 1
84 0 msmarco_v2.1_doc_01_1616063344 1
84 0 msmarco_v2.1_doc_01_1693695420 1
84 0 msmarco_v2.1_doc_02_1131806467 1
84 0 msmarco_v2.1_doc_02_146871979 1
84 0 msmarco_v2.1_doc_02_863572026 1
84 0 msmarco_v2.1_doc_02_916714645 1
84 0 msmarco_v2.1_doc_03_634390644 1
84 0 msmarco_v2.1_doc_04_1405234984 1
84 0 msmarco_v2.1_doc_04_403349508 1
84 0 msmarco_v2.1_doc_04_914914966 1
84 0 msmarco_v2.1_doc_05_1299236412 1
84 0 msmarco_v2.1_doc_05_1765947379 1
84 0 msmarco_v2.1_doc_06_1367110522 1
84 0 msmarco_v2.1_doc_06_1578288055 1
84 0 msmarco_v2.1_doc_06_1578314177 1
84 0 msmarco_v2.1_doc_06_1578512873 1
84 0 msmarco_v2.1_doc_06_597071717 1
84 0 msmarco_v2.1_doc_07_202120725 1
84 0 msmarco_v2.1_doc_08_1086429922 1
84 0 msmarco_v2.1_doc_08_185063512 1
84 0 msmarco_v2.1_doc_08_286420484 1
84 0 msmarco_v2.1_doc_08_452929138 1
84 0 msmarco_v2.1_doc_08_501866622 1
84 0 msmarco_v2.1_doc_09_1239767436 1
84 0 msmarco_v2.1_doc_10_400144353 1
84 0 msmarco_v2.1_doc_10_450308353 1
84 0 msmarco_v2.1_doc_10_450355838 1
84 0 msmarco_v2.1_doc_10_450792413 1
84 0 msmarco_v2.1_doc_10_627538735 1
84 0 msmarco_v2.1_doc_10_771885408 1
84 0 msmarco_v2.1_doc_10_772475101 1
84 0 msmarco_v2.1_doc_10_778409164 1
84 0 msmarco_v2.1_doc_11_1378454543 1
84 0 msmarco_v2.1_doc_11_271017640 1
84 0 msmarco_v2.1_doc_11_463334459 1
84 0 msmarco_v2.1_doc_12_992410730 1
84 0 msmarco_v2.1_doc_14_1007243386 1
84 0 msmarco_v2.1_doc_14_1191398591 1
84 0 msmarco_v2.1_doc_14_1279222701 1
84 0 msmarco_v2.1_doc_14_1516043299 1
84 0 msmarco_v2.1_doc_14_1518703464 1
84 0 msmarco_v2.1_doc_17_3607815584 1
84 0 msmarco_v2.1_doc_17_641167002 1
84 0 msmarco_v2.1_doc_17_736661123 1
84 0 msmarco_v2.1_doc_18_790303989 1
84 0 msmarco_v2.1_doc_19_229334417 1
84 0 msmarco_v2.1_doc_19_229481154 1
84 0 msmarco_v2.1_doc_19_229544299 1
84 0 msmarco_v2.1_doc_20_1358578364 1
84 0 msmarco_v2.1_doc_20_895796989 1
84 0 msmarco_v2.1_doc_21_1031789370 1
84 0 msmarco_v2.1_doc_21_392756474 1
84 0 msmarco_v2.1_doc_21_763419309 1
84 0 msmarco_v2.1_doc_23_154984161 1
84 0 msmarco_v2.1_doc_24_402182928 1
84 0 msmarco_v2.1_doc_24_414671665 1
84 0 msmarco_v2.1_doc_24_417306930 1
84 0 msmarco_v2.1_doc_25_125683053 1
84 0 msmarco_v2.1_doc_25_140097717 1
84 0 msmarco_v2.1_doc_25_472008242 1
84 0 msmarco_v2.1_doc_27_1225281340 1
84 0 msmarco_v2.1_doc_27_275424692 1
84 0 msmarco_v2.1_doc_29_1127605196 1
84 0 msmarco_v2.1_doc_30_1867698682 1
84 0 msmarco_v2.1_doc_30_1925687464 1
84 0 msmarco_v2.1_doc_30_613539966 1
84 0 msmarco_v2.1_doc_31_1336831524 1
84 0 msmarco_v2.1_doc_32_685124700 1
84 0 msmarco_v2.1_doc_34_1629826214 1
84 0 msmarco_v2.1_doc_34_874395311 1
84 0 msmarco_v2.1_doc_35_1203319827 1
84 0 msmarco_v2.1_doc_35_1374648683 1
84 0 msmarco_v2.1_doc_35_1402703378 1
84 0 msmarco_v2.1_doc_35_1411868386 1
84 0 msmarco_v2.1_doc_35_1414735485 1
84 0 msmarco_v2.1_doc_35_1447016992 1
84 0 msmarco_v2.1_doc_35_1454618299 1
84 0 msmarco_v2.1_doc_35_1457027977 1
84 0 msmarco_v2.1_doc_35_1457042512 1
84 0 msmarco_v2.1_doc_35_1457200518 1
84 0 msmarco_v2.1_doc_35_1614027997 1
84 0 msmarco_v2.1_doc_35_301844806 1
84 0 msmarco_v2.1_doc_35_620733873 1
84 0 msmarco_v2.1_doc_35_873044764 1
84 0 msmarco_v2.1_doc_36_1422939073 1
84 0 msmarco_v2.1_doc_36_890701163 1
84 0 msmarco_v2.1_doc_37_499651599 1
84 0 msmarco_v2.1_doc_37_519721809 1
84 0 msmarco_v2.1_doc_38_471249263 1
84 0 msmarco_v2.1_doc_40_1173754645 1
84 0 msmarco_v2.1_doc_40_220370812 1
84 0 msmarco_v2.1_doc_40_230046235 1
84 0 msmarco_v2.1_doc_40_234186918 1
84 0 msmarco_v2.1_doc_41_655255120 1
84 0 msmarco_v2.1_doc_42_1204347942 1
84 0 msmarco_v2.1_doc_42_1204359180 1
84 0 msmarco_v2.1_doc_42_1204421639 1
84 0 msmarco_v2.1_doc_42_371909255 1
84 0 msmarco_v2.1_doc_42_621890315 1
84 0 msmarco_v2.1_doc_42_657487463 1
84 0 msmarco_v2.1_doc_42_735228902 1
84 0 msmarco_v2.1_doc_43_769313875 1
84 0 msmarco_v2.1_doc_44_1153233450 1
84 0 msmarco_v2.1_doc_46_597405267 1
84 0 msmarco_v2.1_doc_46_791019275 1
84 0 msmarco_v2.1_doc_46_836348328 1
84 0 msmarco_v2.1_doc_48_1028235864 1
84 0 msmarco_v2.1_doc_48_1035345039 1
84 0 msmarco_v2.1_doc_48_625865862 1
84 0 msmarco_v2.1_doc_51_1723642856 1
84 0 msmarco_v2.1_doc_52_59062399 1
84 0 msmarco_v2.1_doc_54_1331761498 1
84 0 msmarco_v2.1_doc_54_251069603 1
84 0 msmarco_v2.1_doc_56_1151800309 1
84 0 msmarco_v2.1_doc_56_1151810757 1
84 0 msmarco_v2.1_doc_56_1151816791 1
84 0 msmarco_v2.1_doc_56_1387582238 1
84 0 msmarco_v2.1_doc_56_1545639167 1
84 0 msmarco_v2.1_doc_56_1556560369 1
84 0 msmarco_v2.1_doc_56_897601109 1
84 0 msmarco_v2.1_doc_57_1292904578 1
84 0 msmarco_v2.1_doc_57_166069444 1
84 0 msmarco_v2.1_doc_57_896494059 1
84 0 msmarco_v2.1_doc_58_1224247327 1
84 0 msmarco_v2.1_doc_59_618156975 1
84 0 msmarco_v2.1_doc_59_620418757 1
84 0 msmarco_v2.1_doc_00_1337325399 0
84 0 msmarco_v2.1_doc_00_1606597666 0
84 0 msmarco_v2.1_doc_00_320303338 0
84 0 msmarco_v2.1_doc_01_1615938977 0
84 0 msmarco_v2.1_doc_01_1616022875 0
84 0 msmarco_v2.1_doc_01_633398559 0
84 0 msmarco_v2.1_doc_02_1132367949 0
84 0 msmarco_v2.1_doc_02_1343508390 0
84 0 msmarco_v2.1_doc_02_1555638220 0
84 0 msmarco_v2.1_doc_02_524210002 0
84 0 msmarco_v2.1_doc_02_698627725 0
84 0 msmarco_v2.1_doc_03_1413325499 0
84 0 msmarco_v2.1_doc_03_1655053829 0
84 0 msmarco_v2.1_doc_03_583822486 0
84 0 msmarco_v2.1_doc_03_585779078 0
84 0 msmarco_v2.1_doc_03_613649028 0
84 0 msmarco_v2.1_doc_03_661947037 0
84 0 msmarco_v2.1_doc_03_666368330 0
84 0 msmarco_v2.1_doc_03_756184356 0
84 0 msmarco_v2.1_doc_04_633511686 0
84 0 msmarco_v2.1_doc_05_1392776902 0
84 0 msmarco_v2.1_doc_05_1527018503 0
84 0 msmarco_v2.1_doc_05_1728575982 0
84 0 msmarco_v2.1_doc_05_360678280 0
84 0 msmarco_v2.1_doc_06_1320835278 0
84 0 msmarco_v2.1_doc_06_1578339762 0
84 0 msmarco_v2.1_doc_06_1578403251 0
84 0 msmarco_v2.1_doc_06_1578479343 0
84 0 msmarco_v2.1_doc_06_1578543636 0
84 0 msmarco_v2.1_doc_06_1578563677 0
84 0 msmarco_v2.1_doc_06_918073291 0
84 0 msmarco_v2.1_doc_07_1284078095 0
84 0 msmarco_v2.1_doc_07_1287640935 0
84 0 msmarco_v2.1_doc_07_1310396993 0
84 0 msmarco_v2.1_doc_07_1437107641 0
84 0 msmarco_v2.1_doc_07_1447228710 0
84 0 msmarco_v2.1_doc_07_200866217 0
84 0 msmarco_v2.1_doc_07_201845537 0
84 0 msmarco_v2.1_doc_07_201930213 0
84 0 msmarco_v2.1_doc_07_202357660 0
84 0 msmarco_v2.1_doc_07_202370702 0
84 0 msmarco_v2.1_doc_07_202373736 0
84 0 msmarco_v2.1_doc_07_202389592 0
84 0 msmarco_v2.1_doc_07_202482010 0
84 0 msmarco_v2.1_doc_07_528916167 0
84 0 msmarco_v2.1_doc_07_714354770 0
84 0 msmarco_v2.1_doc_08_1078778526 0
84 0 msmarco_v2.1_doc_08_1097966549 0
84 0 msmarco_v2.1_doc_08_262893869 0
84 0 msmarco_v2.1_doc_08_298594032 0
84 0 msmarco_v2.1_doc_08_301433635 0
84 0 msmarco_v2.1_doc_08_631891942 0
84 0 msmarco_v2.1_doc_08_953980780 0
84 0 msmarco_v2.1_doc_09_1729344946 0
84 0 msmarco_v2.1_doc_09_1749415683 0
84 0 msmarco_v2.1_doc_09_30664495 0
84 0 msmarco_v2.1_doc_10_126144648 0
84 0 msmarco_v2.1_doc_10_553115239 0
84 0 msmarco_v2.1_doc_10_614345659 0
84 0 msmarco_v2.1_doc_13_780166654 0
84 0 msmarco_v2.1_doc_14_1073884336 0
84 0 msmarco_v2.1_doc_14_1075143837 0
84 0 msmarco_v2.1_doc_14_1075810566 0
84 0 msmarco_v2.1_doc_14_1278724925 0
84 0 msmarco_v2.1_doc_14_1713094224 0
84 0 msmarco_v2.1_doc_14_897509734 0
84 0 msmarco_v2.1_doc_15_1309680856 0
84 0 msmarco_v2.1_doc_15_1402872200 0
84 0 msmarco_v2.1_doc_15_1592465766 0
84 0 msmarco_v2.1_doc_15_208469663 0
84 0 msmarco_v2.1_doc_15_434858117 0
84 0 msmarco_v2.1_doc_16_3122893620 0
84 0 msmarco_v2.1_doc_17_1445919974 0
84 0 msmarco_v2.1_doc_17_1513425847 0
84 0 msmarco_v2.1_doc_17_1889138528 0
84 0 msmarco_v2.1_doc_18_1493267806 0
84 0 msmarco_v2.1_doc_18_2065957443 0
84 0 msmarco_v2.1_doc_18_26012048 0
84 0 msmarco_v2.1_doc_18_3109973213 0
84 0 msmarco_v2.1_doc_19_1075367104 0
84 0 msmarco_v2.1_doc_19_229549403 0
84 0 msmarco_v2.1_doc_20_1066384576 0
84 0 msmarco_v2.1_doc_20_1460472667 0
84 0 msmarco_v2.1_doc_21_412619988 0
84 0 msmarco_v2.1_doc_21_978543233 0
84 0 msmarco_v2.1_doc_23_743638979 0
84 0 msmarco_v2.1_doc_24_1262608815 0
84 0 msmarco_v2.1_doc_24_1318827667 0
84 0 msmarco_v2.1_doc_24_420775127 0
84 0 msmarco_v2.1_doc_25_102079096 0
84 0 msmarco_v2.1_doc_25_1172512758 0
84 0 msmarco_v2.1_doc_25_136180535 0
84 0 msmarco_v2.1_doc_25_140063561 0
84 0 msmarco_v2.1_doc_25_1620938367 0
84 0 msmarco_v2.1_doc_25_44373033 0
84 0 msmarco_v2.1_doc_26_1205795621 0
84 0 msmarco_v2.1_doc_26_1466340596 0
84 0 msmarco_v2.1_doc_27_1150435943 0
84 0 msmarco_v2.1_doc_27_80185031 0
84 0 msmarco_v2.1_doc_28_1391048305 0
84 0 msmarco_v2.1_doc_28_933440714 0
84 0 msmarco_v2.1_doc_32_263236839 0
84 0 msmarco_v2.1_doc_32_450760463 0
84 0 msmarco_v2.1_doc_32_7663786 0
84 0 msmarco_v2.1_doc_33_123600205 0
84 0 msmarco_v2.1_doc_34_2320657 0
84 0 msmarco_v2.1_doc_34_851658847 0
84 0 msmarco_v2.1_doc_35_1374538557 0
84 0 msmarco_v2.1_doc_35_1374567048 0
84 0 msmarco_v2.1_doc_35_1374573595 0
84 0 msmarco_v2.1_doc_35_1374664165 0
84 0 msmarco_v2.1_doc_35_1401359208 0
84 0 msmarco_v2.1_doc_35_1414908259 0
84 0 msmarco_v2.1_doc_35_1453745928 0
84 0 msmarco_v2.1_doc_35_1456333451 0
84 0 msmarco_v2.1_doc_35_1456968523 0
84 0 msmarco_v2.1_doc_35_1588290118 0
84 0 msmarco_v2.1_doc_35_74780456 0
84 0 msmarco_v2.1_doc_36_258974321 0
84 0 msmarco_v2.1_doc_36_592711751 0
84 0 msmarco_v2.1_doc_36_592877287 0
84 0 msmarco_v2.1_doc_36_887824899 0
84 0 msmarco_v2.1_doc_36_890192238 0
84 0 msmarco_v2.1_doc_36_912213566 0
84 0 msmarco_v2.1_doc_36_913130299 0
84 0 msmarco_v2.1_doc_37_1030929353 0
84 0 msmarco_v2.1_doc_38_1187189005 0
84 0 msmarco_v2.1_doc_38_1301056622 0
84 0 msmarco_v2.1_doc_38_1450486918 0
84 0 msmarco_v2.1_doc_38_568424827 0
84 0 msmarco_v2.1_doc_38_849643566 0
84 0 msmarco_v2.1_doc_38_928503637 0
84 0 msmarco_v2.1_doc_39_1411749235 0
84 0 msmarco_v2.1_doc_39_435241513 0
84 0 msmarco_v2.1_doc_39_467574052 0
84 0 msmarco_v2.1_doc_40_1626268398 0
84 0 msmarco_v2.1_doc_40_561602426 0
84 0 msmarco_v2.1_doc_41_1781078582 0
84 0 msmarco_v2.1_doc_41_1786949218 0
84 0 msmarco_v2.1_doc_41_573910568 0
84 0 msmarco_v2.1_doc_42_1204391220 0
84 0 msmarco_v2.1_doc_42_1204404382 0
84 0 msmarco_v2.1_doc_42_1204432048 0
84 0 msmarco_v2.1_doc_42_1606907026 0
84 0 msmarco_v2.1_doc_42_1607101804 0
84 0 msmarco_v2.1_doc_42_342647985 0
84 0 msmarco_v2.1_doc_42_574285567 0
84 0 msmarco_v2.1_doc_42_966174184 0
84 0 msmarco_v2.1_doc_43_275266939 0
84 0 msmarco_v2.1_doc_44_1117928710 0
84 0 msmarco_v2.1_doc_44_1284715802 0
84 0 msmarco_v2.1_doc_44_1609506103 0
84 0 msmarco_v2.1_doc_45_397769976 0
84 0 msmarco_v2.1_doc_45_399782230 0
84 0 msmarco_v2.1_doc_46_1131819179 0
84 0 msmarco_v2.1_doc_46_464431081 0
84 0 msmarco_v2.1_doc_46_597257261 0
84 0 msmarco_v2.1_doc_46_597319400 0
84 0 msmarco_v2.1_doc_46_828958979 0
84 0 msmarco_v2.1_doc_46_902064168 0
84 0 msmarco_v2.1_doc_46_963273463 0
84 0 msmarco_v2.1_doc_47_1431087501 0
84 0 msmarco_v2.1_doc_48_507266830 0
84 0 msmarco_v2.1_doc_49_992560612 0
84 0 msmarco_v2.1_doc_49_992733238 0
84 0 msmarco_v2.1_doc_50_163074563 0
84 0 msmarco_v2.1_doc_51_323210822 0
84 0 msmarco_v2.1_doc_51_482547698 0
84 0 msmarco_v2.1_doc_51_97976246 0
84 0 msmarco_v2.1_doc_51_98043574 0
84 0 msmarco_v2.1_doc_51_98382870 0
84 0 msmarco_v2.1_doc_51_98716051 0
84 0 msmarco_v2.1_doc_52_1374467232 0
84 0 msmarco_v2.1_doc_52_43306040 0
84 0 msmarco_v2.1_doc_54_1442211142 0
84 0 msmarco_v2.1_doc_54_291192949 0
84 0 msmarco_v2.1_doc_55_261030100 0
84 0 msmarco_v2.1_doc_56_1151797665 0
84 0 msmarco_v2.1_doc_56_125852754 0
84 0 msmarco_v2.1_doc_56_1399587747 0
84 0 msmarco_v2.1_doc_56_1430623105 0
84 0 msmarco_v2.1_doc_56_1449472107 0
84 0 msmarco_v2.1_doc_56_1468643675 0
84 0 msmarco_v2.1_doc_56_1524465839 0
84 0 msmarco_v2.1_doc_56_1534664691 0
84 0 msmarco_v2.1_doc_56_1536958687 0
84 0 msmarco_v2.1_doc_56_1549429602 0
84 0 msmarco_v2.1_doc_56_1553405417 0
84 0 msmarco_v2.1_doc_56_898359163 0
84 0 msmarco_v2.1_doc_57_1087301607 0
84 0 msmarco_v2.1_doc_57_1105824103 0
84 0 msmarco_v2.1_doc_57_593944628 0
84 0 msmarco_v2.1_doc_57_594001597 0
84 0 msmarco_v2.1_doc_57_956341704 0
84 0 msmarco_v2.1_doc_58_1296424586 0
144 0 msmarco_v2.1_doc_11_454758465 4
144 0 msmarco_v2.1_doc_35_188581763 4
144 0 msmarco_v2.1_doc_45_121585549 4
144 0 msmarco_v2.1_doc_07_400580439 3
144 0 msmarco_v2.1_doc_07_754509165 3
144 0 msmarco_v2.1_doc_08_54607937 3
144 0 msmarco_v2.1_doc_23_72158011 3
144 0 msmarco_v2.1_doc_31_425298842 3
144 0 msmarco_v2.1_doc_33_1262984372 3
144 0 msmarco_v2.1_doc_37_1374984827 3
144 0 msmarco_v2.1_doc_40_1037629311 3
144 0 msmarco_v2.1_doc_40_1169382719 3
144 0 msmarco_v2.1_doc_54_1595947143 3
144 0 msmarco_v2.1_doc_54_269911794 3
144 0 msmarco_v2.1_doc_57_261503767 3
144 0 msmarco_v2.1_doc_04_972663354 2
144 0 msmarco_v2.1_doc_13_1670270923 2
144 0 msmarco_v2.1_doc_16_3337204269 2
144 0 msmarco_v2.1_doc_18_2113406795 2
144 0 msmarco_v2.1_doc_20_1277482471 2
144 0 msmarco_v2.1_doc_23_71841572 2
144 0 msmarco_v2.1_doc_25_595127065 2
144 0 msmarco_v2.1_doc_25_858214516 2
144 0 msmarco_v2.1_doc_28_551593653 2
144 0 msmarco_v2.1_doc_28_560707812 2
144 0 msmarco_v2.1_doc_30_420422629 2
144 0 msmarco_v2.1_doc_31_577278808 2
144 0 msmarco_v2.1_doc_32_1584578671 2
144 0 msmarco_v2.1_doc_37_1047167188 2
144 0 msmarco_v2.1_doc_37_253008444 2
144 0 msmarco_v2.1_doc_38_1552506229 2
144 0 msmarco_v2.1_doc_40_1037542344 2
144 0 msmarco_v2.1_doc_40_980691401 2
144 0 msmarco_v2.1_doc_41_739938682 2
144 0 msmarco_v2.1_doc_42_971505781 2
144 0 msmarco_v2.1_doc_44_447827264 2
144 0 msmarco_v2.1_doc_44_518858821 2
144 0 msmarco_v2.1_doc_44_551082694 2
144 0 msmarco_v2.1_doc_44_578177611 2
144 0 msmarco_v2.1_doc_51_1285083838 2
144 0 msmarco_v2.1_doc_53_353528972 2
144 0 msmarco_v2.1_doc_54_284111690 2
144 0 msmarco_v2.1_doc_54_315753922 2
144 0 msmarco_v2.1_doc_55_117742718 2
144 0 msmarco_v2.1_doc_58_1269407787 2
144 0 msmarco_v2.1_doc_00_528303199 1
144 0 msmarco_v2.1_doc_01_504410287 1
144 0 msmarco_v2.1_doc_01_771238724 1
144 0 msmarco_v2.1_doc_01_811394372 1
144 0 msmarco_v2.1_doc_02_14515066 1
144 0 msmarco_v2.1_doc_02_1503554385 1
144 0 msmarco_v2.1_doc_02_1793909272 1
144 0 msmarco_v2.1_doc_02_393004148 1
144 0 msmarco_v2.1_doc_02_402565319 1
144 0 msmarco_v2.1_doc_03_1453789719 1
144 0 msmarco_v2.1_doc_04_623855722 1
144 0 msmarco_v2.1_doc_07_190670015 1
144 0 msmarco_v2.1_doc_07_376815620 1
144 0 msmarco_v2.1_doc_07_378594752 1
144 0 msmarco_v2.1_doc_07_393233882 1
144 0 msmarco_v2.1_doc_07_400187081 1
144 0 msmarco_v2.1_doc_07_404832886 1
144 0 msmarco_v2.1_doc_07_412607531 1
144 0 msmarco_v2.1_doc_08_45889817 1
144 0 msmarco_v2.1_doc_08_48120879 1
144 0 msmarco_v2.1_doc_08_493163346 1
144 0 msmarco_v2.1_doc_08_811941760 1
144 0 msmarco_v2.1_doc_10_1086048937 1
144 0 msmarco_v2.1_doc_10_1265899970 1
144 0 msmarco_v2.1_doc_11_454765064 1
144 0 msmarco_v2.1_doc_12_1769612934 1
144 0 msmarco_v2.1_doc_12_1808389550 1
144 0 msmarco_v2.1_doc_12_892006638 1
144 0 msmarco_v2.1_doc_12_979871817 1
144 0 msmarco_v2.1_doc_13_916964295 1
144 0 msmarco_v2.1_doc_14_1052135942 1
144 0 msmarco_v2.1_doc_14_1097132096 1
144 0 msmarco_v2.1_doc_14_1098513385 1
144 0 msmarco_v2.1_doc_14_1098554921 1
144 0 msmarco_v2.1_doc_14_1099379008 1
144 0 msmarco_v2.1_doc_14_1103944241 1
144 0 msmarco_v2.1_doc_14_1354422351 1
144 0 msmarco_v2.1_doc_14_1524873255 1
144 0 msmarco_v2.1_doc_14_252694928 1
144 0 msmarco_v2.1_doc_15_373441719 1
144 0 msmarco_v2.1_doc_16_2125059781 1
144 0 msmarco_v2.1_doc_16_2126133944 1
144 0 msmarco_v2.1_doc_16_2126159261 1
144 0 msmarco_v2.1_doc_16_2126796887 1
144 0 msmarco_v2.1_doc_16_3193872070 1
144 0 msmarco_v2.1_doc_16_3276705922 1
144 0 msmarco_v2.1_doc_16_3337240132 1
144 0 msmarco_v2.1_doc_16_523361189 1
144 0 msmarco_v2.1_doc_17_727127836 1
144 0 msmarco_v2.1_doc_17_777621035 1
144 0 msmarco_v2.1_doc_18_2555410609 1
144 0 msmarco_v2.1_doc_18_2561920999 1
144 0 msmarco_v2.1_doc_18_622451785 1
144 0 msmarco_v2.1_doc_19_1620349698 1
144 0 msmarco_v2.1_doc_20_117988504 1
144 0 msmarco_v2.1_doc_20_1266189820 1
144 0 msmarco_v2.1_doc_21_349616967 1
144 0 msmarco_v2.1_doc_22_1113826934 1
144 0 msmarco_v2.1_doc_23_1526201773 1
144 0 msmarco_v2.1_doc_23_682476472 1
144 0 msmarco_v2.1_doc_23_715004744 1
144 0 msmarco_v2.1_doc_24_339014682 1
144 0 msmarco_v2.1_doc_24_931131405 1
144 0 msmarco_v2.1_doc_24_965466027 1
144 0 msmarco_v2.1_doc_25_528152313 1
144 0 msmarco_v2.1_doc_25_791688428 1
144 0 msmarco_v2.1_doc_25_937848532 1
144 0 msmarco_v2.1_doc_25_937889025 1
144 0 msmarco_v2.1_doc_26_1213762538 1
144 0 msmarco_v2.1_doc_26_1571545480 1
144 0 msmarco_v2.1_doc_26_1772497956 1
144 0 msmarco_v2.1_doc_27_74012169 1
144 0 msmarco_v2.1_doc_28_549585775 1
144 0 msmarco_v2.1_doc_30_420433360 1
144 0 msmarco_v2.1_doc_31_420377276 1
144 0 msmarco_v2.1_doc_31_421193585 1
144 0 msmarco_v2.1_doc_31_569061302 1
144 0 msmarco_v2.1_doc_31_578036701 1
144 0 msmarco_v2.1_doc_32_461615274 1
144 0 msmarco_v2.1_doc_32_52068247 1
144 0 msmarco_v2.1_doc_32_863784820 1
144 0 msmarco_v2.1_doc_33_1242886836 1
144 0 msmarco_v2.1_doc_33_1255310601 1
144 0 msmarco_v2.1_doc_33_1257568466 1
144 0 msmarco_v2.1_doc_33_1448447572 1
144 0 msmarco_v2.1_doc_35_1191865233 1
144 0 msmarco_v2.1_doc_35_1623663673 1
144 0 msmarco_v2.1_doc_35_1631395588 1
144 0 msmarco_v2.1_doc_36_1162854954 1
144 0 msmarco_v2.1_doc_36_780652434 1
144 0 msmarco_v2.1_doc_37_1044123641 1
144 0 msmarco_v2.1_doc_37_253319677 1
144 0 msmarco_v2.1_doc_37_253598921 1
144 0 msmarco_v2.1_doc_37_434388006 1
144 0 msmarco_v2.1_doc_38_1556518656 1
144 0 msmarco_v2.1_doc_39_626461507 1
144 0 msmarco_v2.1_doc_39_646085550 1
144 0 msmarco_v2.1_doc_40_1005176177 1
144 0 msmarco_v2.1_doc_40_1035897752 1
144 0 msmarco_v2.1_doc_40_1038103166 1
144 0 msmarco_v2.1_doc_40_1107917873 1
144 0 msmarco_v2.1_doc_40_245633498 1
144 0 msmarco_v2.1_doc_40_325850858 1
144 0 msmarco_v2.1_doc_40_328534347 1
144 0 msmarco_v2.1_doc_40_329262957 1
144 0 msmarco_v2.1_doc_40_339355737 1
144 0 msmarco_v2.1_doc_41_1797534353 1
144 0 msmarco_v2.1_doc_41_663851112 1
144 0 msmarco_v2.1_doc_41_663891890 1
144 0 msmarco_v2.1_doc_44_515315224 1
144 0 msmarco_v2.1_doc_44_523305566 1
144 0 msmarco_v2.1_doc_44_537859702 1
144 0 msmarco_v2.1_doc_44_537873885 1
144 0 msmarco_v2.1_doc_44_540570268 1
144 0 msmarco_v2.1_doc_44_541125883 1
144 0 msmarco_v2.1_doc_44_541332250 1
144 0 msmarco_v2.1_doc_44_542534331 1
144 0 msmarco_v2.1_doc_44_559239400 1
144 0 msmarco_v2.1_doc_44_565513308 1
144 0 msmarco_v2.1_doc_44_577658867 1
144 0 msmarco_v2.1_doc_44_578221249 1
144 0 msmarco_v2.1_doc_44_589008286 1
144 0 msmarco_v2.1_doc_44_595133336 1
144 0 msmarco_v2.1_doc_44_599949620 1
144 0 msmarco_v2.1_doc_44_605479061 1
144 0 msmarco_v2.1_doc_45_1071650207 1
144 0 msmarco_v2.1_doc_46_147148361 1
144 0 msmarco_v2.1_doc_46_348336134 1
144 0 msmarco_v2.1_doc_47_1400361367 1
144 0 msmarco_v2.1_doc_47_154653315 1
144 0 msmarco_v2.1_doc_47_666080992 1
144 0 msmarco_v2.1_doc_48_1363433903 1
144 0 msmarco_v2.1_doc_48_263580937 1
144 0 msmarco_v2.1_doc_50_873866714 1
144 0 msmarco_v2.1_doc_51_1283726561 1
144 0 msmarco_v2.1_doc_51_1334318532 1
144 0 msmarco_v2.1_doc_52_1413818022 1
144 0 msmarco_v2.1_doc_53_259592924 1
144 0 msmarco_v2.1_doc_53_353273578 1
144 0 msmarco_v2.1_doc_53_353518093 1
144 0 msmarco_v2.1_doc_53_613140552 1
144 0 msmarco_v2.1_doc_54_111171996 1
144 0 msmarco_v2.1_doc_54_1595978527 1
144 0 msmarco_v2.1_doc_54_1750026201 1
144 0 msmarco_v2.1_doc_54_1750936877 1
144 0 msmarco_v2.1_doc_54_268657795 1
144 0 msmarco_v2.1_doc_54_284939657 1
144 0 msmarco_v2.1_doc_54_294761604 1
144 0 msmarco_v2.1_doc_54_313403019 1
144 0 msmarco_v2.1_doc_54_319794686 1
144 0 msmarco_v2.1_doc_55_116785240 1
144 0 msmarco_v2.1_doc_57_252425127 1
144 0 msmarco_v2.1_doc_59_645826673 1
144 0 msmarco_v2.1_doc_01_466672369 0
144 0 msmarco_v2.1_doc_02_1096555794 0
144 0 msmarco_v2.1_doc_02_30974154 0
144 0 msmarco_v2.1_doc_03_1228136506 0
144 0 msmarco_v2.1_doc_04_1150378353 0
144 0 msmarco_v2.1_doc_04_1374634334 0
144 0 msmarco_v2.1_doc_04_30789556 0
144 0 msmarco_v2.1_doc_04_556411680 0
144 0 msmarco_v2.1_doc_04_569851428 0
144 0 msmarco_v2.1_doc_04_627240630 0
144 0 msmarco_v2.1_doc_05_1596558019 0
144 0 msmarco_v2.1_doc_05_350910759 0
144 0 msmarco_v2.1_doc_06_275261429 0
144 0 msmarco_v2.1_doc_06_324077171 0
144 0 msmarco_v2.1_doc_06_532559862 0
144 0 msmarco_v2.1_doc_07_386734876 0
144 0 msmarco_v2.1_doc_07_411281604 0
144 0 msmarco_v2.1_doc_08_543577538 0
144 0 msmarco_v2.1_doc_09_207816339 0
144 0 msmarco_v2.1_doc_09_819396151 0
144 0 msmarco_v2.1_doc_11_421439316 0
144 0 msmarco_v2.1_doc_12_892200078 0
144 0 msmarco_v2.1_doc_12_897405698 0
144 0 msmarco_v2.1_doc_13_189800387 0
144 0 msmarco_v2.1_doc_14_1097157290 0
144 0 msmarco_v2.1_doc_14_1100993390 0
144 0 msmarco_v2.1_doc_14_1106151034 0
144 0 msmarco_v2.1_doc_14_628605518 0
144 0 msmarco_v2.1_doc_15_1826325658 0
144 0 msmarco_v2.1_doc_16_3337231436 0
144 0 msmarco_v2.1_doc_16_526154361 0
144 0 msmarco_v2.1_doc_17_1626252680 0
144 0 msmarco_v2.1_doc_17_1966325617 0
144 0 msmarco_v2.1_doc_17_2019462561 0
144 0 msmarco_v2.1_doc_17_2512428050 0
144 0 msmarco_v2.1_doc_17_729436531 0
144 0 msmarco_v2.1_doc_17_776029024 0
144 0 msmarco_v2.1_doc_17_777286109 0
144 0 msmarco_v2.1_doc_17_777543547 0
144 0 msmarco_v2.1_doc_17_777891088 0
144 0 msmarco_v2.1_doc_18_1566072732 0
144 0 msmarco_v2.1_doc_18_2298296482 0
144 0 msmarco_v2.1_doc_18_555894173 0
144 0 msmarco_v2.1_doc_18_622437023 0
144 0 msmarco_v2.1_doc_20_1477028139 0
144 0 msmarco_v2.1_doc_21_856202731 0
144 0 msmarco_v2.1_doc_24_782052357 0
144 0 msmarco_v2.1_doc_25_861679395 0
144 0 msmarco_v2.1_doc_26_1528982956 0
144 0 msmarco_v2.1_doc_27_531312945 0
144 0 msmarco_v2.1_doc_29_1367693293 0
144 0 msmarco_v2.1_doc_34_130935432 0
144 0 msmarco_v2.1_doc_34_309966281 0
144 0 msmarco_v2.1_doc_34_739176616 0
144 0 msmarco_v2.1_doc_35_1466814107 0
144 0 msmarco_v2.1_doc_36_1250279973 0
144 0 msmarco_v2.1_doc_36_473825808 0
144 0 msmarco_v2.1_doc_37_1174283240 0
144 0 msmarco_v2.1_doc_37_404237963 0
144 0 msmarco_v2.1_doc_38_1529438636 0
144 0 msmarco_v2.1_doc_38_1554682113 0
144 0 msmarco_v2.1_doc_38_1595061805 0
144 0 msmarco_v2.1_doc_40_1086647162 0
144 0 msmarco_v2.1_doc_40_325332377 0
144 0 msmarco_v2.1_doc_40_328486150 0
144 0 msmarco_v2.1_doc_40_329002799 0
144 0 msmarco_v2.1_doc_40_330058440 0
144 0 msmarco_v2.1_doc_40_334027572 0
144 0 msmarco_v2.1_doc_40_336107189 0
144 0 msmarco_v2.1_doc_40_981847390 0
144 0 msmarco_v2.1_doc_40_982216776 0
144 0 msmarco_v2.1_doc_41_740010757 0
144 0 msmarco_v2.1_doc_44_557697943 0
144 0 msmarco_v2.1_doc_44_565299942 0
144 0 msmarco_v2.1_doc_44_569166510 0
144 0 msmarco_v2.1_doc_44_571350675 0
144 0 msmarco_v2.1_doc_45_1338943246 0
144 0 msmarco_v2.1_doc_46_621092614 0
144 0 msmarco_v2.1_doc_47_1087128385 0
144 0 msmarco_v2.1_doc_49_1594968980 0
144 0 msmarco_v2.1_doc_49_572111141 0
144 0 msmarco_v2.1_doc_50_2365403211 0
144 0 msmarco_v2.1_doc_50_240643520 0
144 0 msmarco_v2.1_doc_50_2636100245 0
144 0 msmarco_v2.1_doc_50_280826173 0
144 0 msmarco_v2.1_doc_51_319994989 0
144 0 msmarco_v2.1_doc_51_432122376 0
144 0 msmarco_v2.1_doc_53_353831253 0
144 0 msmarco_v2.1_doc_53_758408827 0
144 0 msmarco_v2.1_doc_54_266675780 0
144 0 msmarco_v2.1_doc_54_274185693 0
144 0 msmarco_v2.1_doc_54_324566718 0
144 0 msmarco_v2.1_doc_57_1277517292 0
144 0 msmarco_v2.1_doc_57_263495670 0
144 0 msmarco_v2.1_doc_57_629115488 0
144 0 msmarco_v2.1_doc_58_1268891619 0
144 0 msmarco_v2.1_doc_58_1268912331 0
144 0 msmarco_v2.1_doc_58_1816211866 0
144 0 msmarco_v2.1_doc_58_1853321824 0
144 0 msmarco_v2.1_doc_58_1854807078 0
144 0 msmarco_v2.1_doc_58_853548170 0
144 0 msmarco_v2.1_doc_59_645518950 0
161 0 msmarco_v2.1_doc_16_1470215272 4
161 0 msmarco_v2.1_doc_19_164009241 4
161 0 msmarco_v2.1_doc_00_1041260612 3
161 0 msmarco_v2.1_doc_04_617401813 3
161 0 msmarco_v2.1_doc_18_1627743871 3
161 0 msmarco_v2.1_doc_25_955193214 3
161 0 msmarco_v2.1_doc_26_812182301 3
161 0 msmarco_v2.1_doc_49_971937343 3
161 0 msmarco_v2.1_doc_54_1327097784 3
161 0 msmarco_v2.1_doc_01_562080994 2
161 0 msmarco_v2.1_doc_02_310905206 2
161 0 msmarco_v2.1_doc_03_802223178 2
161 0 msmarco_v2.1_doc_04_1412407097 2
161 0 msmarco_v2.1_doc_04_617381162 2
161 0 msmarco_v2.1_doc_05_1213434103 2
161 0 msmarco_v2.1_doc_05_1628451235 2
161 0 msmarco_v2.1_doc_08_879763277 2
161 0 msmarco_v2.1_doc_11_291578955 2
161 0 msmarco_v2.1_doc_11_291610996 2
161 0 msmarco_v2.1_doc_16_1469824041 2
161 0 msmarco_v2.1_doc_16_1469951833 2
161 0 msmarco_v2.1_doc_16_1470127983 2
161 0 msmarco_v2.1_doc_16_370862286 2
161 0 msmarco_v2.1_doc_18_1077259201 2
161 0 msmarco_v2.1_doc_18_35183457 2
161 0 msmarco_v2.1_doc_19_164253280 2
161 0 msmarco_v2.1_doc_21_41679647 2
161 0 msmarco_v2.1_doc_22_1340438935 2
161 0 msmarco_v2.1_doc_22_363883755 2
161 0 msmarco_v2.1_doc_25_1352737815 2
161 0 msmarco_v2.1_doc_29_1127605196 2
161 0 msmarco_v2.1_doc_30_527993376 2
161 0 msmarco_v2.1_doc_30_532299803 2
161 0 msmarco_v2.1_doc_33_1085517627 2
161 0 msmarco_v2.1_doc_33_1320879386 2
161 0 msmarco_v2.1_doc_33_1371692529 2
161 0 msmarco_v2.1_doc_33_277501507 2
161 0 msmarco_v2.1_doc_34_1598416756 2
161 0 msmarco_v2.1_doc_39_1139591971 2
161 0 msmarco_v2.1_doc_39_450155259 2
161 0 msmarco_v2.1_doc_44_1656451791 2
161 0 msmarco_v2.1_doc_45_1076817182 2
161 0 msmarco_v2.1_doc_46_641883834 2
161 0 msmarco_v2.1_doc_49_972022500 2
161 0 msmarco_v2.1_doc_52_1155284903 2
161 0 msmarco_v2.1_doc_55_459168374 2
161 0 msmarco_v2.1_doc_00_474520913 1
161 0 msmarco_v2.1_doc_01_750707720 1
161 0 msmarco_v2.1_doc_01_750721227 1
161 0 msmarco_v2.1_doc_02_1317521445 1
161 0 msmarco_v2.1_doc_02_188034148 1
161 0 msmarco_v2.1_doc_02_197925338 1
161 0 msmarco_v2.1_doc_02_220797554 1
161 0 msmarco_v2.1_doc_03_1105166635 1
161 0 msmarco_v2.1_doc_03_1430852546 1
161 0 msmarco_v2.1_doc_03_802228751 1
161 0 msmarco_v2.1_doc_03_958938081 1
161 0 msmarco_v2.1_doc_04_1409851349 1
161 0 msmarco_v2.1_doc_04_1412396571 1
161 0 msmarco_v2.1_doc_04_674759310 1
161 0 msmarco_v2.1_doc_05_1225603006 1
161 0 msmarco_v2.1_doc_06_599027326 1
161 0 msmarco_v2.1_doc_07_1436973092 1
161 0 msmarco_v2.1_doc_08_1071400619 1
161 0 msmarco_v2.1_doc_08_1099278905 1
161 0 msmarco_v2.1_doc_08_1324918166 1
161 0 msmarco_v2.1_doc_08_879704922 1
161 0 msmarco_v2.1_doc_09_915613743 1
161 0 msmarco_v2.1_doc_10_1341786686 1
161 0 msmarco_v2.1_doc_11_528168079 1
161 0 msmarco_v2.1_doc_12_266333630 1
161 0 msmarco_v2.1_doc_15_1242278377 1
161 0 msmarco_v2.1_doc_16_1470050247 1
161 0 msmarco_v2.1_doc_16_1471739527 1
161 0 msmarco_v2.1_doc_16_1471910345 1
161 0 msmarco_v2.1_doc_16_2238680190 1
161 0 msmarco_v2.1_doc_18_1307589744 1
161 0 msmarco_v2.1_doc_18_1986846042 1
161 0 msmarco_v2.1_doc_19_1519987602 1
161 0 msmarco_v2.1_doc_20_1484714341 1
161 0 msmarco_v2.1_doc_20_1491251751 1
161 0 msmarco_v2.1_doc_20_83238237 1
161 0 msmarco_v2.1_doc_21_41691963 1
161 0 msmarco_v2.1_doc_22_515941341 1
161 0 msmarco_v2.1_doc_23_652734555 1
161 0 msmarco_v2.1_doc_24_1538349356 1
161 0 msmarco_v2.1_doc_24_215101281 1
161 0 msmarco_v2.1_doc_24_232740190 1
161 0 msmarco_v2.1_doc_24_242343274 1
161 0 msmarco_v2.1_doc_24_242512117 1
161 0 msmarco_v2.1_doc_24_298599171 1
161 0 msmarco_v2.1_doc_25_1302067650 1
161 0 msmarco_v2.1_doc_27_539722564 1
161 0 msmarco_v2.1_doc_27_83657330 1
161 0 msmarco_v2.1_doc_28_1435548575 1
161 0 msmarco_v2.1_doc_28_1675315331 1
161 0 msmarco_v2.1_doc_28_459277258 1
161 0 msmarco_v2.1_doc_29_12062829 1
161 0 msmarco_v2.1_doc_29_1231731229 1
161 0 msmarco_v2.1_doc_29_425004741 1
161 0 msmarco_v2.1_doc_30_1169301314 1
161 0 msmarco_v2.1_doc_31_1521262269 1
161 0 msmarco_v2.1_doc_32_101780470 1
161 0 msmarco_v2.1_doc_32_810324694 1
161 0 msmarco_v2.1_doc_33_1344111801 1
161 0 msmarco_v2.1_doc_33_1364147852 1
161 0 msmarco_v2.1_doc_35_1629645213 1
161 0 msmarco_v2.1_doc_35_344573479 1
161 0 msmarco_v2.1_doc_35_441532102 1
161 0 msmarco_v2.1_doc_36_1604869142 1
161 0 msmarco_v2.1_doc_36_284471812 1
161 0 msmarco_v2.1_doc_36_293729769 1
161 0 msmarco_v2.1_doc_36_854904102 1
161 0 msmarco_v2.1_doc_37_1224163280 1
161 0 msmarco_v2.1_doc_37_168618579 1
161 0 msmarco_v2.1_doc_37_176251739 1
161 0 msmarco_v2.1_doc_37_176267292 1
161 0 msmarco_v2.1_doc_38_243993627 1
161 0 msmarco_v2.1_doc_39_1212089074 1
161 0 msmarco_v2.1_doc_39_473919267 1
161 0 msmarco_v2.1_doc_39_706591501 1
161 0 msmarco_v2.1_doc_42_566641171 1
161 0 msmarco_v2.1_doc_42_628973362 1
161 0 msmarco_v2.1_doc_42_673545513 1
161 0 msmarco_v2.1_doc_45_1178730121 1
161 0 msmarco_v2.1_doc_45_534926520 1
161 0 msmarco_v2.1_doc_45_640147372 1
161 0 msmarco_v2.1_doc_47_156582701 1
161 0 msmarco_v2.1_doc_48_1277453433 1
161 0 msmarco_v2.1_doc_49_1270526987 1
161 0 msmarco_v2.1_doc_49_973010395 1
161 0 msmarco_v2.1_doc_50_2032008361 1
161 0 msmarco_v2.1_doc_50_433529332 1
161 0 msmarco_v2.1_doc_50_685649417 1
161 0 msmarco_v2.1_doc_51_175816694 1
161 0 msmarco_v2.1_doc_54_1518801300 1
161 0 msmarco_v2.1_doc_54_1536373187 1
161 0 msmarco_v2.1_doc_54_1545893491 1
161 0 msmarco_v2.1_doc_54_1550128307 1
161 0 msmarco_v2.1_doc_54_536534272 1
161 0 msmarco_v2.1_doc_55_381669709 1
161 0 msmarco_v2.1_doc_55_387685856 1
161 0 msmarco_v2.1_doc_55_427055338 1
161 0 msmarco_v2.1_doc_56_1444709266 1
161 0 msmarco_v2.1_doc_57_609699706 1
161 0 msmarco_v2.1_doc_01_977189566 0
161 0 msmarco_v2.1_doc_02_130771290 0
161 0 msmarco_v2.1_doc_02_683575210 0
161 0 msmarco_v2.1_doc_02_763137215 0
161 0 msmarco_v2.1_doc_03_292105978 0
161 0 msmarco_v2.1_doc_03_909624168 0
161 0 msmarco_v2.1_doc_04_1411627015 0
161 0 msmarco_v2.1_doc_04_617373563 0
161 0 msmarco_v2.1_doc_05_426126615 0
161 0 msmarco_v2.1_doc_05_851475053 0
161 0 msmarco_v2.1_doc_07_550711169 0
161 0 msmarco_v2.1_doc_08_1324952085 0
161 0 msmarco_v2.1_doc_08_659582782 0
161 0 msmarco_v2.1_doc_08_892664622 0
161 0 msmarco_v2.1_doc_09_540477616 0
161 0 msmarco_v2.1_doc_09_554210518 0
161 0 msmarco_v2.1_doc_09_556375152 0
161 0 msmarco_v2.1_doc_10_58399786 0
161 0 msmarco_v2.1_doc_12_1189399601 0
161 0 msmarco_v2.1_doc_12_871395473 0
161 0 msmarco_v2.1_doc_13_83252015 0
161 0 msmarco_v2.1_doc_15_1693741650 0
161 0 msmarco_v2.1_doc_15_842772966 0
161 0 msmarco_v2.1_doc_16_1470810649 0
161 0 msmarco_v2.1_doc_16_1471123808 0
161 0 msmarco_v2.1_doc_16_1471293879 0
161 0 msmarco_v2.1_doc_16_1836005969 0
161 0 msmarco_v2.1_doc_16_2283763466 0
161 0 msmarco_v2.1_doc_17_3120480022 0
161 0 msmarco_v2.1_doc_17_44127718 0
161 0 msmarco_v2.1_doc_18_1177459926 0
161 0 msmarco_v2.1_doc_18_399611284 0
161 0 msmarco_v2.1_doc_18_714253540 0
161 0 msmarco_v2.1_doc_19_1124832658 0
161 0 msmarco_v2.1_doc_19_1125082002 0
161 0 msmarco_v2.1_doc_19_1441329931 0
161 0 msmarco_v2.1_doc_19_588740416 0
161 0 msmarco_v2.1_doc_20_1476507146 0
161 0 msmarco_v2.1_doc_20_1477780695 0
161 0 msmarco_v2.1_doc_22_1336286591 0
161 0 msmarco_v2.1_doc_22_1345718909 0
161 0 msmarco_v2.1_doc_22_1474033562 0
161 0 msmarco_v2.1_doc_24_268496676 0
161 0 msmarco_v2.1_doc_24_767070699 0
161 0 msmarco_v2.1_doc_25_106589609 0
161 0 msmarco_v2.1_doc_25_106900028 0
161 0 msmarco_v2.1_doc_25_1101873139 0
161 0 msmarco_v2.1_doc_25_1469796361 0
161 0 msmarco_v2.1_doc_25_486898084 0
161 0 msmarco_v2.1_doc_25_86789383 0
161 0 msmarco_v2.1_doc_25_955394155 0
161 0 msmarco_v2.1_doc_26_1470896765 0
161 0 msmarco_v2.1_doc_26_1769640753 0
161 0 msmarco_v2.1_doc_26_1835512575 0
161 0 msmarco_v2.1_doc_26_314149430 0
161 0 msmarco_v2.1_doc_26_848002673 0
161 0 msmarco_v2.1_doc_27_281450051 0
161 0 msmarco_v2.1_doc_27_281619387 0
161 0 msmarco_v2.1_doc_27_555181917 0
161 0 msmarco_v2.1_doc_28_1707061678 0
161 0 msmarco_v2.1_doc_29_1474138250 0
161 0 msmarco_v2.1_doc_31_1437235426 0
161 0 msmarco_v2.1_doc_31_1521209747 0
161 0 msmarco_v2.1_doc_31_874887444 0
161 0 msmarco_v2.1_doc_32_1022862367 0
161 0 msmarco_v2.1_doc_32_1653801158 0
161 0 msmarco_v2.1_doc_32_1653863027 0
161 0 msmarco_v2.1_doc_33_1357951379 0
161 0 msmarco_v2.1_doc_34_1589884135 0
161 0 msmarco_v2.1_doc_35_354836313 0
161 0 msmarco_v2.1_doc_35_8483749 0
161 0 msmarco_v2.1_doc_37_492904342 0
161 0 msmarco_v2.1_doc_39_387603018 0
161 0 msmarco_v2.1_doc_42_255767154 0
161 0 msmarco_v2.1_doc_42_255776753 0
161 0 msmarco_v2.1_doc_43_318634376 0
161 0 msmarco_v2.1_doc_44_1656487347 0
161 0 msmarco_v2.1_doc_46_1069481889 0
161 0 msmarco_v2.1_doc_46_811928180 0
161 0 msmarco_v2.1_doc_47_1294409236 0
161 0 msmarco_v2.1_doc_48_1023376576 0
161 0 msmarco_v2.1_doc_48_170600707 0
161 0 msmarco_v2.1_doc_48_472115217 0
161 0 msmarco_v2.1_doc_48_540723463 0
161 0 msmarco_v2.1_doc_49_1269275099 0
161 0 msmarco_v2.1_doc_49_1270885795 0
161 0 msmarco_v2.1_doc_49_1270929360 0
161 0 msmarco_v2.1_doc_49_1271180576 0
161 0 msmarco_v2.1_doc_49_1271227879 0
161 0 msmarco_v2.1_doc_50_1852332607 0
161 0 msmarco_v2.1_doc_50_2002464844 0
161 0 msmarco_v2.1_doc_50_211286169 0
161 0 msmarco_v2.1_doc_52_344811976 0
161 0 msmarco_v2.1_doc_52_345295872 0
161 0 msmarco_v2.1_doc_54_1127905281 0
161 0 msmarco_v2.1_doc_55_456376255 0
161 0 msmarco_v2.1_doc_55_481819892 0
161 0 msmarco_v2.1_doc_55_498633408 0
161 0 msmarco_v2.1_doc_55_499013244 0
161 0 msmarco_v2.1_doc_55_499892981 0
161 0 msmarco_v2.1_doc_56_894634177 0
161 0 msmarco_v2.1_doc_56_902008049 0
200 0 msmarco_v2.1_doc_19_904552108 4
200 0 msmarco_v2.1_doc_42_1190994132 4
200 0 msmarco_v2.1_doc_04_139590615 3
200 0 msmarco_v2.1_doc_04_621813533 3
200 0 msmarco_v2.1_doc_06_1555405270 3
200 0 msmarco_v2.1_doc_09_908433943 3
200 0 msmarco_v2.1_doc_16_1041919927 3
200 0 msmarco_v2.1_doc_16_873136708 3
200 0 msmarco_v2.1_doc_21_1284716921 3
200 0 msmarco_v2.1_doc_45_1194131568 3
200 0 msmarco_v2.1_doc_01_1047698517 2
200 0 msmarco_v2.1_doc_01_1398816876 2
200 0 msmarco_v2.1_doc_01_322588721 2
200 0 msmarco_v2.1_doc_02_418582890 2
200 0 msmarco_v2.1_doc_03_237236449 2
200 0 msmarco_v2.1_doc_04_214952843 2
200 0 msmarco_v2.1_doc_04_456356072 2
200 0 msmarco_v2.1_doc_04_630550003 2
200 0 msmarco_v2.1_doc_04_971699655 2
200 0 msmarco_v2.1_doc_05_846710516 2
200 0 msmarco_v2.1_doc_06_1582049335 2
200 0 msmarco_v2.1_doc_06_1588693677 2
200 0 msmarco_v2.1_doc_06_1588702016 2
200 0 msmarco_v2.1_doc_06_1588736778 2
200 0 msmarco_v2.1_doc_07_523982098 2
200 0 msmarco_v2.1_doc_08_1343561693 2
200 0 msmarco_v2.1_doc_08_1343625676 2
200 0 msmarco_v2.1_doc_09_110055632 2
200 0 msmarco_v2.1_doc_09_1570427445 2
200 0 msmarco_v2.1_doc_09_509965158 2
200 0 msmarco_v2.1_doc_09_509970247 2
200 0 msmarco_v2.1_doc_10_1380160765 2
200 0 msmarco_v2.1_doc_11_1387528226 2
200 0 msmarco_v2.1_doc_11_435412076 2
200 0 msmarco_v2.1_doc_17_1653859999 2
200 0 msmarco_v2.1_doc_17_1693253707 2
200 0 msmarco_v2.1_doc_18_1581606945 2
200 0 msmarco_v2.1_doc_19_903822370 2
200 0 msmarco_v2.1_doc_19_904307981 2
200 0 msmarco_v2.1_doc_21_1237065510 2
200 0 msmarco_v2.1_doc_24_347575290 2
200 0 msmarco_v2.1_doc_42_1178702690 2
200 0 msmarco_v2.1_doc_42_1189838521 2
200 0 msmarco_v2.1_doc_42_1257479203 2
200 0 msmarco_v2.1_doc_56_995201535 2
200 0 msmarco_v2.1_doc_00_1341071352 1
200 0 msmarco_v2.1_doc_01_335954965 1
200 0 msmarco_v2.1_doc_02_1255755061 1
200 0 msmarco_v2.1_doc_02_1255825872 1
200 0 msmarco_v2.1_doc_03_1736866671 1
200 0 msmarco_v2.1_doc_03_425054375 1
200 0 msmarco_v2.1_doc_04_123699318 1
200 0 msmarco_v2.1_doc_04_150273182 1
200 0 msmarco_v2.1_doc_05_1496556847 1
200 0 msmarco_v2.1_doc_06_1460029557 1
200 0 msmarco_v2.1_doc_06_1583304874 1
200 0 msmarco_v2.1_doc_06_1588655549 1
200 0 msmarco_v2.1_doc_06_1588729356 1
200 0 msmarco_v2.1_doc_06_1588744596 1
200 0 msmarco_v2.1_doc_07_1460551572 1
200 0 msmarco_v2.1_doc_07_523142399 1
200 0 msmarco_v2.1_doc_07_523238908 1
200 0 msmarco_v2.1_doc_07_523427868 1
200 0 msmarco_v2.1_doc_07_525319035 1
200 0 msmarco_v2.1_doc_07_650551009 1
200 0 msmarco_v2.1_doc_08_1343594746 1
200 0 msmarco_v2.1_doc_09_110025991 1
200 0 msmarco_v2.1_doc_09_1750576314 1
200 0 msmarco_v2.1_doc_10_1543992455 1
200 0 msmarco_v2.1_doc_10_1630045707 1
200 0 msmarco_v2.1_doc_10_218860755 1
200 0 msmarco_v2.1_doc_11_1428973135 1
200 0 msmarco_v2.1_doc_11_885919944 1
200 0 msmarco_v2.1_doc_16_1103611190 1
200 0 msmarco_v2.1_doc_16_3522303031 1
200 0 msmarco_v2.1_doc_17_1693096457 1
200 0 msmarco_v2.1_doc_17_649938687 1
200 0 msmarco_v2.1_doc_17_775100928 1
200 0 msmarco_v2.1_doc_18_2201503054 1
200 0 msmarco_v2.1_doc_18_2841010627 1
200 0 msmarco_v2.1_doc_18_3106615088 1
200 0 msmarco_v2.1_doc_18_3223683303 1
200 0 msmarco_v2.1_doc_18_429711912 1
200 0 msmarco_v2.1_doc_18_493848919 1
200 0 msmarco_v2.1_doc_19_1258251189 1
200 0 msmarco_v2.1_doc_19_904989975 1
200 0 msmarco_v2.1_doc_19_905521065 1
200 0 msmarco_v2.1_doc_20_59192858 1
200 0 msmarco_v2.1_doc_21_1192964636 1
200 0 msmarco_v2.1_doc_21_1225480941 1
200 0 msmarco_v2.1_doc_23_96259147 1
200 0 msmarco_v2.1_doc_25_910019807 1
200 0 msmarco_v2.1_doc_26_1593594486 1
200 0 msmarco_v2.1_doc_26_795200921 1
200 0 msmarco_v2.1_doc_27_1459647179 1
200 0 msmarco_v2.1_doc_29_1482400642 1
200 0 msmarco_v2.1_doc_29_1482408181 1
200 0 msmarco_v2.1_doc_32_1262100565 1
200 0 msmarco_v2.1_doc_33_1365091974 1
200 0 msmarco_v2.1_doc_33_1365612528 1
200 0 msmarco_v2.1_doc_34_1515967591 1
200 0 msmarco_v2.1_doc_34_1558397097 1
200 0 msmarco_v2.1_doc_37_169450792 1
200 0 msmarco_v2.1_doc_39_1541666535 1
200 0 msmarco_v2.1_doc_42_1161630163 1
200 0 msmarco_v2.1_doc_42_1178686602 1
200 0 msmarco_v2.1_doc_42_1180286257 1
200 0 msmarco_v2.1_doc_42_1191032984 1
200 0 msmarco_v2.1_doc_42_1195622648 1
200 0 msmarco_v2.1_doc_42_1205968049 1
200 0 msmarco_v2.1_doc_42_144949997 1
200 0 msmarco_v2.1_doc_44_1110608774 1
200 0 msmarco_v2.1_doc_52_1156290277 1
200 0 msmarco_v2.1_doc_52_220299446 1
200 0 msmarco_v2.1_doc_52_616807116 1
200 0 msmarco_v2.1_doc_53_752760663 1
200 0 msmarco_v2.1_doc_54_328137451 1
200 0 msmarco_v2.1_doc_55_195379809 1
200 0 msmarco_v2.1_doc_55_426083782 1
200 0 msmarco_v2.1_doc_55_428429315 1
200 0 msmarco_v2.1_doc_56_421823805 1
200 0 msmarco_v2.1_doc_56_994307241 1
200 0 msmarco_v2.1_doc_57_1056647340 1
200 0 msmarco_v2.1_doc_58_1388255528 1
200 0 msmarco_v2.1_doc_00_244911907 0
200 0 msmarco_v2.1_doc_01_1398856325 0
200 0 msmarco_v2.1_doc_01_1644622912 0
200 0 msmarco_v2.1_doc_01_1744176652 0
200 0 msmarco_v2.1_doc_01_396244227 0
200 0 msmarco_v2.1_doc_02_1169073566 0
200 0 msmarco_v2.1_doc_02_1255692483 0
200 0 msmarco_v2.1_doc_02_1255721693 0
200 0 msmarco_v2.1_doc_02_1628769687 0
200 0 msmarco_v2.1_doc_02_418534201 0
200 0 msmarco_v2.1_doc_02_428801923 0
200 0 msmarco_v2.1_doc_03_1146806464 0
200 0 msmarco_v2.1_doc_03_1687101149 0
200 0 msmarco_v2.1_doc_03_1720476524 0
200 0 msmarco_v2.1_doc_04_189033334 0
200 0 msmarco_v2.1_doc_04_226917439 0
200 0 msmarco_v2.1_doc_04_228345525 0
200 0 msmarco_v2.1_doc_04_559100901 0
200 0 msmarco_v2.1_doc_04_714186126 0
200 0 msmarco_v2.1_doc_06_1556504537 0
200 0 msmarco_v2.1_doc_06_1759181275 0
200 0 msmarco_v2.1_doc_06_24015911 0
200 0 msmarco_v2.1_doc_06_352944014 0
200 0 msmarco_v2.1_doc_06_796174903 0
200 0 msmarco_v2.1_doc_06_860836555 0
200 0 msmarco_v2.1_doc_07_524208550 0
200 0 msmarco_v2.1_doc_08_663891413 0
200 0 msmarco_v2.1_doc_09_1408426075 0
200 0 msmarco_v2.1_doc_09_1570270161 0
200 0 msmarco_v2.1_doc_10_1427892779 0
200 0 msmarco_v2.1_doc_10_460739535 0
200 0 msmarco_v2.1_doc_11_15558332 0
200 0 msmarco_v2.1_doc_11_960669501 0
200 0 msmarco_v2.1_doc_12_1437317799 0
200 0 msmarco_v2.1_doc_12_1481463936 0
200 0 msmarco_v2.1_doc_12_3639531 0
200 0 msmarco_v2.1_doc_13_1249174186 0
200 0 msmarco_v2.1_doc_14_1237505349 0
200 0 msmarco_v2.1_doc_16_1360727144 0
200 0 msmarco_v2.1_doc_17_1128650497 0
200 0 msmarco_v2.1_doc_17_1692863794 0
200 0 msmarco_v2.1_doc_17_1692889697 0
200 0 msmarco_v2.1_doc_17_1693173240 0
200 0 msmarco_v2.1_doc_17_189050153 0
200 0 msmarco_v2.1_doc_17_3297236334 0
200 0 msmarco_v2.1_doc_18_1434629732 0
200 0 msmarco_v2.1_doc_18_1539396587 0
200 0 msmarco_v2.1_doc_18_2205388324 0
200 0 msmarco_v2.1_doc_18_2747329924 0
200 0 msmarco_v2.1_doc_18_2840865574 0
200 0 msmarco_v2.1_doc_18_2912761302 0
200 0 msmarco_v2.1_doc_18_3206191952 0
200 0 msmarco_v2.1_doc_18_788953511 0
200 0 msmarco_v2.1_doc_19_1552281514 0
200 0 msmarco_v2.1_doc_19_611150347 0
200 0 msmarco_v2.1_doc_19_904754907 0
200 0 msmarco_v2.1_doc_19_905137455 0
200 0 msmarco_v2.1_doc_19_905245233 0
200 0 msmarco_v2.1_doc_19_905379333 0
200 0 msmarco_v2.1_doc_19_936928325 0
200 0 msmarco_v2.1_doc_21_1225429538 0
200 0 msmarco_v2.1_doc_22_1254822184 0
200 0 msmarco_v2.1_doc_23_763112555 0
200 0 msmarco_v2.1_doc_25_943984529 0
200 0 msmarco_v2.1_doc_26_1430553498 0
200 0 msmarco_v2.1_doc_26_1819998140 0
200 0 msmarco_v2.1_doc_26_794346847 0
200 0 msmarco_v2.1_doc_28_69940468 0
200 0 msmarco_v2.1_doc_30_123037582 0
200 0 msmarco_v2.1_doc_33_1465520302 0
200 0 msmarco_v2.1_doc_34_1586846643 0
200 0 msmarco_v2.1_doc_34_158766101 0
200 0 msmarco_v2.1_doc_34_1633134537 0
200 0 msmarco_v2.1_doc_34_539934009 0
200 0 msmarco_v2.1_doc_34_653872978 0
200 0 msmarco_v2.1_doc_34_655158977 0
200 0 msmarco_v2.1_doc_34_659478623 0
200 0 msmarco_v2.1_doc_36_1229407847 0
200 0 msmarco_v2.1_doc_36_12391537 0
200 0 msmarco_v2.1_doc_36_266849481 0
200 0 msmarco_v2.1_doc_36_308764815 0
200 0 msmarco_v2.1_doc_36_520194383 0
200 0 msmarco_v2.1_doc_37_170394647 0
200 0 msmarco_v2.1_doc_38_1354302454 0
200 0 msmarco_v2.1_doc_38_178086478 0
200 0 msmarco_v2.1_doc_39_1519756524 0
200 0 msmarco_v2.1_doc_39_765180198 0
200 0 msmarco_v2.1_doc_40_1210507112 0
200 0 msmarco_v2.1_doc_40_1579283173 0
200 0 msmarco_v2.1_doc_41_1151553060 0
200 0 msmarco_v2.1_doc_41_1195368747 0
200 0 msmarco_v2.1_doc_41_1232265501 0
200 0 msmarco_v2.1_doc_41_1253076146 0
200 0 msmarco_v2.1_doc_41_1329855920 0
200 0 msmarco_v2.1_doc_41_1379120083 0
200 0 msmarco_v2.1_doc_41_1830527981 0
200 0 msmarco_v2.1_doc_42_1149094296 0
200 0 msmarco_v2.1_doc_42_1180013482 0
200 0 msmarco_v2.1_doc_42_144604938 0
200 0 msmarco_v2.1_doc_42_144870171 0
200 0 msmarco_v2.1_doc_42_280005247 0
200 0 msmarco_v2.1_doc_44_1108569305 0
200 0 msmarco_v2.1_doc_45_651143055 0
200 0 msmarco_v2.1_doc_47_1459868417 0
200 0 msmarco_v2.1_doc_48_428515740 0
200 0 msmarco_v2.1_doc_49_582249801 0
200 0 msmarco_v2.1_doc_50_1627103579 0
200 0 msmarco_v2.1_doc_50_1873211907 0
200 0 msmarco_v2.1_doc_50_2113391141 0
200 0 msmarco_v2.1_doc_50_2592357702 0
200 0 msmarco_v2.1_doc_52_1350406147 0
200 0 msmarco_v2.1_doc_52_83403906 0
200 0 msmarco_v2.1_doc_53_204378441 0
200 0 msmarco_v2.1_doc_53_411898909 0
200 0 msmarco_v2.1_doc_53_754161492 0
200 0 msmarco_v2.1_doc_54_1348244276 0
200 0 msmarco_v2.1_doc_54_434969199 0
200 0 msmarco_v2.1_doc_54_486028342 0
200 0 msmarco_v2.1_doc_55_412141165 0
200 0 msmarco_v2.1_doc_55_413954338 0
200 0 msmarco_v2.1_doc_55_428420280 0
200 0 msmarco_v2.1_doc_55_452007860 0
200 0 msmarco_v2.1_doc_56_1560378863 0
200 0 msmarco_v2.1_doc_56_995196613 0
200 0 msmarco_v2.1_doc_56_995345059 0
200 0 msmarco_v2.1_doc_57_1184461602 0
200 0 msmarco_v2.1_doc_57_624746499 0
200 0 msmarco_v2.1_doc_59_954635195 0
213 0 msmarco_v2.1_doc_04_291949165 4
213 0 msmarco_v2.1_doc_52_1512811807 4
213 0 msmarco_v2.1_doc_05_1777972302 3
213 0 msmarco_v2.1_doc_07_1205565653 3
213 0 msmarco_v2.1_doc_14_1205046652 3
213 0 msmarco_v2.1_doc_16_621392301 3
213 0 msmarco_v2.1_doc_17_2522445584 3
213 0 msmarco_v2.1_doc_26_1440896062 3
213 0 msmarco_v2.1_doc_28_1691374800 3
213 0 msmarco_v2.1_doc_28_1709267085 3
213 0 msmarco_v2.1_doc_33_1338711374 3
213 0 msmarco_v2.1_doc_33_1361080912 3
213 0 msmarco_v2.1_doc_34_1558901432 3
213 0 msmarco_v2.1_doc_40_1423134106 3
213 0 msmarco_v2.1_doc_42_1174828987 3
213 0 msmarco_v2.1_doc_44_1668312783 3
213 0 msmarco_v2.1_doc_47_1427435240 3
213 0 msmarco_v2.1_doc_47_291231080 3
213 0 msmarco_v2.1_doc_50_1144948199 3
213 0 msmarco_v2.1_doc_00_8248489 2
213 0 msmarco_v2.1_doc_01_1406796914 2
213 0 msmarco_v2.1_doc_02_316397106 2
213 0 msmarco_v2.1_doc_03_122200798 2
213 0 msmarco_v2.1_doc_03_1430635748 2
213 0 msmarco_v2.1_doc_03_949939151 2
213 0 msmarco_v2.1_doc_06_1537120133 2
213 0 msmarco_v2.1_doc_06_1546059143 2
213 0 msmarco_v2.1_doc_06_1553174294 2
213 0 msmarco_v2.1_doc_06_1583071322 2
213 0 msmarco_v2.1_doc_07_291893715 2
213 0 msmarco_v2.1_doc_08_472900181 2
213 0 msmarco_v2.1_doc_09_706350589 2
213 0 msmarco_v2.1_doc_09_706365435 2
213 0 msmarco_v2.1_doc_10_1627323174 2
213 0 msmarco_v2.1_doc_10_218668478 2
213 0 msmarco_v2.1_doc_11_1006769435 2
213 0 msmarco_v2.1_doc_11_783939078 2
213 0 msmarco_v2.1_doc_14_255529710 2
213 0 msmarco_v2.1_doc_16_2536434208 2
213 0 msmarco_v2.1_doc_16_352924927 2
213 0 msmarco_v2.1_doc_17_1668792905 2
213 0 msmarco_v2.1_doc_17_2523449679 2
213 0 msmarco_v2.1_doc_19_168276163 2
213 0 msmarco_v2.1_doc_19_1957864745 2
213 0 msmarco_v2.1_doc_20_1459433057 2
213 0 msmarco_v2.1_doc_23_114680465 2
213 0 msmarco_v2.1_doc_23_796910703 2
213 0 msmarco_v2.1_doc_25_195506030 2
213 0 msmarco_v2.1_doc_26_1570596444 2
213 0 msmarco_v2.1_doc_26_1576871425 2
213 0 msmarco_v2.1_doc_27_1177364360 2
213 0 msmarco_v2.1_doc_30_1568968497 2
213 0 msmarco_v2.1_doc_33_1328861332 2
213 0 msmarco_v2.1_doc_33_1335868780 2
213 0 msmarco_v2.1_doc_33_1351667582 2
213 0 msmarco_v2.1_doc_33_1465226044 2
213 0 msmarco_v2.1_doc_34_819533700 2
213 0 msmarco_v2.1_doc_36_610928651 2
213 0 msmarco_v2.1_doc_38_1253196895 2
213 0 msmarco_v2.1_doc_39_309159417 2
213 0 msmarco_v2.1_doc_42_1187878563 2
213 0 msmarco_v2.1_doc_42_1189857384 2
213 0 msmarco_v2.1_doc_42_1191175907 2
213 0 msmarco_v2.1_doc_42_1202442396 2
213 0 msmarco_v2.1_doc_42_1206006692 2
213 0 msmarco_v2.1_doc_48_1271355465 2
213 0 msmarco_v2.1_doc_48_298583638 2
213 0 msmarco_v2.1_doc_53_433623606 2
213 0 msmarco_v2.1_doc_53_489625593 2
213 0 msmarco_v2.1_doc_54_472230890 2
213 0 msmarco_v2.1_doc_54_478184262 2
213 0 msmarco_v2.1_doc_56_472835118 2
213 0 msmarco_v2.1_doc_57_1086264730 2
213 0 msmarco_v2.1_doc_58_1265576172 2
213 0 msmarco_v2.1_doc_59_654863983 2
213 0 msmarco_v2.1_doc_00_1059015248 1
213 0 msmarco_v2.1_doc_00_513781832 1
213 0 msmarco_v2.1_doc_01_1406799729 1
213 0 msmarco_v2.1_doc_01_1775584424 1
213 0 msmarco_v2.1_doc_01_1879797370 1
213 0 msmarco_v2.1_doc_01_356598223 1
213 0 msmarco_v2.1_doc_02_320596475 1
213 0 msmarco_v2.1_doc_02_333559919 1
213 0 msmarco_v2.1_doc_02_335605709 1
213 0 msmarco_v2.1_doc_03_1139621907 1
213 0 msmarco_v2.1_doc_03_1140147654 1
213 0 msmarco_v2.1_doc_03_1565737800 1
213 0 msmarco_v2.1_doc_03_1611366020 1
213 0 msmarco_v2.1_doc_03_930853941 1
213 0 msmarco_v2.1_doc_04_1390215986 1
213 0 msmarco_v2.1_doc_04_205619777 1
213 0 msmarco_v2.1_doc_04_622352834 1
213 0 msmarco_v2.1_doc_05_1495686410 1
213 0 msmarco_v2.1_doc_05_255991228 1
213 0 msmarco_v2.1_doc_05_437683205 1
213 0 msmarco_v2.1_doc_05_592941952 1
213 0 msmarco_v2.1_doc_06_1533682279 1
213 0 msmarco_v2.1_doc_06_1536688356 1
213 0 msmarco_v2.1_doc_06_1537057878 1
213 0 msmarco_v2.1_doc_06_1542294102 1
213 0 msmarco_v2.1_doc_06_1566135804 1
213 0 msmarco_v2.1_doc_07_1155003439 1
213 0 msmarco_v2.1_doc_07_1170154472 1
213 0 msmarco_v2.1_doc_07_810333896 1
213 0 msmarco_v2.1_doc_09_1632685997 1
213 0 msmarco_v2.1_doc_09_450390467 1
213 0 msmarco_v2.1_doc_09_556933317 1
213 0 msmarco_v2.1_doc_09_578624663 1
213 0 msmarco_v2.1_doc_09_625046122 1
213 0 msmarco_v2.1_doc_09_706002497 1
213 0 msmarco_v2.1_doc_09_706361084 1
213 0 msmarco_v2.1_doc_10_1404307813 1
213 0 msmarco_v2.1_doc_11_1340491589 1
213 0 msmarco_v2.1_doc_11_922017241 1
213 0 msmarco_v2.1_doc_13_584589972 1
213 0 msmarco_v2.1_doc_14_389288004 1
213 0 msmarco_v2.1_doc_16_1558360619 1
213 0 msmarco_v2.1_doc_16_3135510333 1
213 0 msmarco_v2.1_doc_17_174613876 1
213 0 msmarco_v2.1_doc_17_191860643 1
213 0 msmarco_v2.1_doc_17_2523537658 1
213 0 msmarco_v2.1_doc_17_878977682 1
213 0 msmarco_v2.1_doc_18_1268188091 1
213 0 msmarco_v2.1_doc_18_2270010107 1
213 0 msmarco_v2.1_doc_18_644430453 1
213 0 msmarco_v2.1_doc_18_849384485 1
213 0 msmarco_v2.1_doc_18_983540974 1
213 0 msmarco_v2.1_doc_19_1120340951 1
213 0 msmarco_v2.1_doc_21_1223972801 1
213 0 msmarco_v2.1_doc_21_1226199469 1
213 0 msmarco_v2.1_doc_22_1337307284 1
213 0 msmarco_v2.1_doc_22_1341528603 1
213 0 msmarco_v2.1_doc_22_442408170 1
213 0 msmarco_v2.1_doc_23_287461707 1
213 0 msmarco_v2.1_doc_23_287473900 1
213 0 msmarco_v2.1_doc_23_467283169 1
213 0 msmarco_v2.1_doc_23_598287520 1
213 0 msmarco_v2.1_doc_23_636047919 1
213 0 msmarco_v2.1_doc_23_636057594 1
213 0 msmarco_v2.1_doc_24_677705417 1
213 0 msmarco_v2.1_doc_25_1284028437 1
213 0 msmarco_v2.1_doc_25_1303662611 1
213 0 msmarco_v2.1_doc_25_97891834 1
213 0 msmarco_v2.1_doc_26_1513743206 1
213 0 msmarco_v2.1_doc_26_1565087434 1
213 0 msmarco_v2.1_doc_26_1566739746 1
213 0 msmarco_v2.1_doc_26_1574656615 1
213 0 msmarco_v2.1_doc_26_1579688456 1
213 0 msmarco_v2.1_doc_26_1612476201 1
213 0 msmarco_v2.1_doc_26_1616833441 1
213 0 msmarco_v2.1_doc_26_1631682544 1
213 0 msmarco_v2.1_doc_26_1640799364 1
213 0 msmarco_v2.1_doc_26_1641933153 1
213 0 msmarco_v2.1_doc_26_1657184262 1
213 0 msmarco_v2.1_doc_26_1732048967 1
213 0 msmarco_v2.1_doc_26_1807138519 1
213 0 msmarco_v2.1_doc_26_1827253724 1
213 0 msmarco_v2.1_doc_27_1471315094 1
213 0 msmarco_v2.1_doc_28_252462052 1
213 0 msmarco_v2.1_doc_28_280720021 1
213 0 msmarco_v2.1_doc_28_280747437 1
213 0 msmarco_v2.1_doc_30_1758403811 1
213 0 msmarco_v2.1_doc_31_590814420 1
213 0 msmarco_v2.1_doc_33_1326715788 1
213 0 msmarco_v2.1_doc_33_1335078941 1
213 0 msmarco_v2.1_doc_33_1340912564 1
213 0 msmarco_v2.1_doc_33_1351642530 1
213 0 msmarco_v2.1_doc_33_1465495091 1
213 0 msmarco_v2.1_doc_34_1558923623 1
213 0 msmarco_v2.1_doc_35_1631958508 1
213 0 msmarco_v2.1_doc_35_536501143 1
213 0 msmarco_v2.1_doc_37_1068434194 1
213 0 msmarco_v2.1_doc_37_170047720 1
213 0 msmarco_v2.1_doc_39_1546076532 1
213 0 msmarco_v2.1_doc_39_726096271 1
213 0 msmarco_v2.1_doc_39_765613450 1
213 0 msmarco_v2.1_doc_39_770970854 1
213 0 msmarco_v2.1_doc_39_778274299 1
213 0 msmarco_v2.1_doc_40_748728073 1
213 0 msmarco_v2.1_doc_42_1160345098 1
213 0 msmarco_v2.1_doc_42_1174985675 1
213 0 msmarco_v2.1_doc_44_1668296903 1
213 0 msmarco_v2.1_doc_45_911860121 1
213 0 msmarco_v2.1_doc_48_1052012370 1
213 0 msmarco_v2.1_doc_49_1457203358 1
213 0 msmarco_v2.1_doc_49_184024960 1
213 0 msmarco_v2.1_doc_50_899204225 1
213 0 msmarco_v2.1_doc_53_216529455 1
213 0 msmarco_v2.1_doc_53_491073606 1
213 0 msmarco_v2.1_doc_53_501473422 1
213 0 msmarco_v2.1_doc_54_277832030 1
213 0 msmarco_v2.1_doc_55_458465188 1
213 0 msmarco_v2.1_doc_55_896163561 1
213 0 msmarco_v2.1_doc_56_380746566 1
213 0 msmarco_v2.1_doc_56_55813319 1
213 0 msmarco_v2.1_doc_58_1264049074 1
213 0 msmarco_v2.1_doc_58_1278437185 1
213 0 msmarco_v2.1_doc_00_1010208720 0
213 0 msmarco_v2.1_doc_01_1794499207 0
213 0 msmarco_v2.1_doc_01_392949380 0
213 0 msmarco_v2.1_doc_02_1829943415 0
213 0 msmarco_v2.1_doc_06_106676092 0
213 0 msmarco_v2.1_doc_07_266451865 0
213 0 msmarco_v2.1_doc_09_706704446 0
213 0 msmarco_v2.1_doc_09_908593535 0
213 0 msmarco_v2.1_doc_16_1579405085 0
213 0 msmarco_v2.1_doc_16_2304762642 0
213 0 msmarco_v2.1_doc_16_26273226 0
213 0 msmarco_v2.1_doc_16_8835196 0
213 0 msmarco_v2.1_doc_17_1504627531 0
213 0 msmarco_v2.1_doc_18_2774925633 0
213 0 msmarco_v2.1_doc_22_1147295101 0
213 0 msmarco_v2.1_doc_25_1049599965 0
213 0 msmarco_v2.1_doc_26_1623532094 0
213 0 msmarco_v2.1_doc_26_1744701154 0
213 0 msmarco_v2.1_doc_26_1762378942 0
213 0 msmarco_v2.1_doc_26_1780976446 0
213 0 msmarco_v2.1_doc_26_792835777 0
213 0 msmarco_v2.1_doc_27_34586650 0
213 0 msmarco_v2.1_doc_27_51159518 0
213 0 msmarco_v2.1_doc_28_1708575960 0
213 0 msmarco_v2.1_doc_29_16468510 0
213 0 msmarco_v2.1_doc_33_1332352416 0
213 0 msmarco_v2.1_doc_33_181205575 0
213 0 msmarco_v2.1_doc_33_182759775 0
213 0 msmarco_v2.1_doc_33_183195596 0
213 0 msmarco_v2.1_doc_36_880459455 0
213 0 msmarco_v2.1_doc_36_892195797 0
213 0 msmarco_v2.1_doc_39_1030946971 0
213 0 msmarco_v2.1_doc_41_684372188 0
213 0 msmarco_v2.1_doc_42_1164578561 0
213 0 msmarco_v2.1_doc_47_1415779670 0
213 0 msmarco_v2.1_doc_53_1126929358 0
213 0 msmarco_v2.1_doc_53_505643381 0
219 0 msmarco_v2.1_doc_28_1708858624 4
219 0 msmarco_v2.1_doc_29_714812270 4
219 0 msmarco_v2.1_doc_21_538227642 3
219 0 msmarco_v2.1_doc_25_14870171 3
219 0 msmarco_v2.1_doc_00_1070020035 2
219 0 msmarco_v2.1_doc_06_1895217451 2
219 0 msmarco_v2.1_doc_07_290156251 2
219 0 msmarco_v2.1_doc_07_673259214 2
219 0 msmarco_v2.1_doc_09_204312072 2
219 0 msmarco_v2.1_doc_09_908859114 2
219 0 msmarco_v2.1_doc_10_354687733 2
219 0 msmarco_v2.1_doc_11_726221571 2
219 0 msmarco_v2.1_doc_12_1680159544 2
219 0 msmarco_v2.1_doc_12_703381119 2
219 0 msmarco_v2.1_doc_13_62396207 2
219 0 msmarco_v2.1_doc_14_1237626365 2
219 0 msmarco_v2.1_doc_15_539537002 2
219 0 msmarco_v2.1_doc_18_2658711769 2
219 0 msmarco_v2.1_doc_18_2658917779 2
219 0 msmarco_v2.1_doc_21_657635789 2
219 0 msmarco_v2.1_doc_24_1342547522 2
219 0 msmarco_v2.1_doc_26_1201311767 2
219 0 msmarco_v2.1_doc_26_650485600 2
219 0 msmarco_v2.1_doc_29_850280176 2
219 0 msmarco_v2.1_doc_30_1751536323 2
219 0 msmarco_v2.1_doc_33_1329960766 2
219 0 msmarco_v2.1_doc_33_1345807722 2
219 0 msmarco_v2.1_doc_33_579790296 2
219 0 msmarco_v2.1_doc_34_1393741676 2
219 0 msmarco_v2.1_doc_34_1393764495 2
219 0 msmarco_v2.1_doc_34_34809536 2
219 0 msmarco_v2.1_doc_35_280708236 2
219 0 msmarco_v2.1_doc_39_613593281 2
219 0 msmarco_v2.1_doc_41_260685018 2
219 0 msmarco_v2.1_doc_42_385217247 2
219 0 msmarco_v2.1_doc_42_843223122 2
219 0 msmarco_v2.1_doc_43_1442567377 2
219 0 msmarco_v2.1_doc_45_1274931818 2
219 0 msmarco_v2.1_doc_46_657215648 2
219 0 msmarco_v2.1_doc_51_1625396947 2
219 0 msmarco_v2.1_doc_55_1548686573 2
219 0 msmarco_v2.1_doc_55_843578523 2
219 0 msmarco_v2.1_doc_00_1209799745 1
219 0 msmarco_v2.1_doc_00_1654460398 1
219 0 msmarco_v2.1_doc_00_28415927 1
219 0 msmarco_v2.1_doc_01_1708150385 1
219 0 msmarco_v2.1_doc_02_1019543169 1
219 0 msmarco_v2.1_doc_02_424490786 1
219 0 msmarco_v2.1_doc_02_470688879 1
219 0 msmarco_v2.1_doc_03_1453626910 1
219 0 msmarco_v2.1_doc_03_379481045 1
219 0 msmarco_v2.1_doc_05_1021126351 1
219 0 msmarco_v2.1_doc_05_1599795943 1
219 0 msmarco_v2.1_doc_05_1602312774 1
219 0 msmarco_v2.1_doc_06_1685539480 1
219 0 msmarco_v2.1_doc_07_673199874 1
219 0 msmarco_v2.1_doc_07_902778769 1
219 0 msmarco_v2.1_doc_08_1100632117 1
219 0 msmarco_v2.1_doc_08_1595652218 1
219 0 msmarco_v2.1_doc_08_832326492 1
219 0 msmarco_v2.1_doc_09_1120938822 1
219 0 msmarco_v2.1_doc_11_724106858 1
219 0 msmarco_v2.1_doc_12_1813277965 1
219 0 msmarco_v2.1_doc_12_427955368 1
219 0 msmarco_v2.1_doc_13_1598271620 1
219 0 msmarco_v2.1_doc_13_400297243 1
219 0 msmarco_v2.1_doc_14_1262535286 1
219 0 msmarco_v2.1_doc_14_221298940 1
219 0 msmarco_v2.1_doc_15_513320108 1
219 0 msmarco_v2.1_doc_15_553890612 1
219 0 msmarco_v2.1_doc_16_1039210052 1
219 0 msmarco_v2.1_doc_17_144449834 1
219 0 msmarco_v2.1_doc_17_1462339243 1
219 0 msmarco_v2.1_doc_17_1826579185 1
219 0 msmarco_v2.1_doc_17_323066430 1
219 0 msmarco_v2.1_doc_17_588844305 1
219 0 msmarco_v2.1_doc_18_1319381700 1
219 0 msmarco_v2.1_doc_18_1925159456 1
219 0 msmarco_v2.1_doc_18_2657002961 1
219 0 msmarco_v2.1_doc_18_2658285195 1
219 0 msmarco_v2.1_doc_18_2658293014 1
219 0 msmarco_v2.1_doc_19_1010881773 1
219 0 msmarco_v2.1_doc_19_1033455699 1
219 0 msmarco_v2.1_doc_19_1058620057 1
219 0 msmarco_v2.1_doc_19_266522474 1
219 0 msmarco_v2.1_doc_20_1127372903 1
219 0 msmarco_v2.1_doc_20_1294975161 1
219 0 msmarco_v2.1_doc_20_1294988088 1
219 0 msmarco_v2.1_doc_20_1463460043 1
219 0 msmarco_v2.1_doc_20_1511421467 1
219 0 msmarco_v2.1_doc_21_273323876 1
219 0 msmarco_v2.1_doc_21_59239643 1
219 0 msmarco_v2.1_doc_21_608676798 1
219 0 msmarco_v2.1_doc_22_1569274269 1
219 0 msmarco_v2.1_doc_23_315857964 1
219 0 msmarco_v2.1_doc_23_410745745 1
219 0 msmarco_v2.1_doc_23_605991327 1
219 0 msmarco_v2.1_doc_23_946524947 1
219 0 msmarco_v2.1_doc_24_1326967962 1
219 0 msmarco_v2.1_doc_24_1342556804 1
219 0 msmarco_v2.1_doc_24_1342620312 1
219 0 msmarco_v2.1_doc_25_121437015 1
219 0 msmarco_v2.1_doc_25_774733492 1
219 0 msmarco_v2.1_doc_25_789135003 1
219 0 msmarco_v2.1_doc_26_1400377478 1
219 0 msmarco_v2.1_doc_26_650057403 1
219 0 msmarco_v2.1_doc_26_650267156 1
219 0 msmarco_v2.1_doc_26_921206370 1
219 0 msmarco_v2.1_doc_27_1166281077 1
219 0 msmarco_v2.1_doc_28_19182410 1
219 0 msmarco_v2.1_doc_29_1477609680 1
219 0 msmarco_v2.1_doc_29_669823634 1
219 0 msmarco_v2.1_doc_29_708264976 1
219 0 msmarco_v2.1_doc_29_714801804 1
219 0 msmarco_v2.1_doc_29_849800671 1
219 0 msmarco_v2.1_doc_30_1244891724 1
219 0 msmarco_v2.1_doc_30_1691713115 1
219 0 msmarco_v2.1_doc_30_179580401 1
219 0 msmarco_v2.1_doc_31_1576888274 1
219 0 msmarco_v2.1_doc_31_308972311 1
219 0 msmarco_v2.1_doc_31_985411919 1
219 0 msmarco_v2.1_doc_33_1336622544 1
219 0 msmarco_v2.1_doc_33_1336631551 1
219 0 msmarco_v2.1_doc_33_1349820481 1
219 0 msmarco_v2.1_doc_33_1356093079 1
219 0 msmarco_v2.1_doc_33_1357368244 1
219 0 msmarco_v2.1_doc_33_419027732 1
219 0 msmarco_v2.1_doc_33_475859592 1
219 0 msmarco_v2.1_doc_35_30906441 1
219 0 msmarco_v2.1_doc_35_37947092 1
219 0 msmarco_v2.1_doc_36_395123036 1
219 0 msmarco_v2.1_doc_37_1446726959 1
219 0 msmarco_v2.1_doc_38_1320663514 1
219 0 msmarco_v2.1_doc_39_438803016 1
219 0 msmarco_v2.1_doc_39_522720116 1
219 0 msmarco_v2.1_doc_39_613646890 1
219 0 msmarco_v2.1_doc_39_615207387 1
219 0 msmarco_v2.1_doc_39_728471259 1
219 0 msmarco_v2.1_doc_40_1072592256 1
219 0 msmarco_v2.1_doc_40_1255176600 1
219 0 msmarco_v2.1_doc_40_1546782500 1
219 0 msmarco_v2.1_doc_41_1851326837 1
219 0 msmarco_v2.1_doc_41_1884349815 1
219 0 msmarco_v2.1_doc_41_652634843 1
219 0 msmarco_v2.1_doc_41_782491802 1
219 0 msmarco_v2.1_doc_42_1213512203 1
219 0 msmarco_v2.1_doc_42_453229099 1
219 0 msmarco_v2.1_doc_45_881328955 1
219 0 msmarco_v2.1_doc_45_911330530 1
219 0 msmarco_v2.1_doc_46_1280690648 1
219 0 msmarco_v2.1_doc_46_57289499 1
219 0 msmarco_v2.1_doc_46_839239502 1
219 0 msmarco_v2.1_doc_47_1297763123 1
219 0 msmarco_v2.1_doc_47_1349664053 1
219 0 msmarco_v2.1_doc_47_1443172659 1
219 0 msmarco_v2.1_doc_47_621390003 1
219 0 msmarco_v2.1_doc_48_1154083616 1
219 0 msmarco_v2.1_doc_48_1567988685 1
219 0 msmarco_v2.1_doc_48_474454953 1
219 0 msmarco_v2.1_doc_50_1381674324 1
219 0 msmarco_v2.1_doc_50_219687462 1
219 0 msmarco_v2.1_doc_50_2627724114 1
219 0 msmarco_v2.1_doc_50_2629432659 1
219 0 msmarco_v2.1_doc_51_1358935719 1
219 0 msmarco_v2.1_doc_51_1482358214 1
219 0 msmarco_v2.1_doc_51_168920843 1
219 0 msmarco_v2.1_doc_52_1275445883 1
219 0 msmarco_v2.1_doc_52_62641673 1
219 0 msmarco_v2.1_doc_53_1259612909 1
219 0 msmarco_v2.1_doc_53_1315002747 1
219 0 msmarco_v2.1_doc_53_1329730482 1
219 0 msmarco_v2.1_doc_53_167720535 1
219 0 msmarco_v2.1_doc_53_496727941 1
219 0 msmarco_v2.1_doc_53_67665635 1
219 0 msmarco_v2.1_doc_54_1562261077 1
219 0 msmarco_v2.1_doc_54_273608160 1
219 0 msmarco_v2.1_doc_55_928157247 1
219 0 msmarco_v2.1_doc_56_382595325 1
219 0 msmarco_v2.1_doc_57_1119945423 1
219 0 msmarco_v2.1_doc_57_1165675727 1
219 0 msmarco_v2.1_doc_57_230698624 1
219 0 msmarco_v2.1_doc_57_61439578 1
219 0 msmarco_v2.1_doc_59_741804461 1
219 0 msmarco_v2.1_doc_00_1144368774 0
219 0 msmarco_v2.1_doc_00_812870937 0
219 0 msmarco_v2.1_doc_01_776838175 0
219 0 msmarco_v2.1_doc_02_1808773337 0
219 0 msmarco_v2.1_doc_02_904223469 0
219 0 msmarco_v2.1_doc_03_1125712870 0
219 0 msmarco_v2.1_doc_03_1292260922 0
219 0 msmarco_v2.1_doc_03_1582302942 0
219 0 msmarco_v2.1_doc_04_1089067392 0
219 0 msmarco_v2.1_doc_04_1466046365 0
219 0 msmarco_v2.1_doc_05_1269968921 0
219 0 msmarco_v2.1_doc_05_1832726206 0
219 0 msmarco_v2.1_doc_06_1540726706 0
219 0 msmarco_v2.1_doc_07_291527283 0
219 0 msmarco_v2.1_doc_10_1500558687 0
219 0 msmarco_v2.1_doc_12_1189411306 0
219 0 msmarco_v2.1_doc_12_1758824860 0
219 0 msmarco_v2.1_doc_12_1797866936 0
219 0 msmarco_v2.1_doc_12_1801080495 0
219 0 msmarco_v2.1_doc_13_1112850607 0
219 0 msmarco_v2.1_doc_14_1238058916 0
219 0 msmarco_v2.1_doc_14_984176675 0
219 0 msmarco_v2.1_doc_17_507352695 0
219 0 msmarco_v2.1_doc_18_2199975216 0
219 0 msmarco_v2.1_doc_18_3028573174 0
219 0 msmarco_v2.1_doc_19_1213949297 0
219 0 msmarco_v2.1_doc_19_1690706376 0
219 0 msmarco_v2.1_doc_21_59243489 0
219 0 msmarco_v2.1_doc_23_94286592 0
219 0 msmarco_v2.1_doc_24_348042756 0
219 0 msmarco_v2.1_doc_24_356996486 0
219 0 msmarco_v2.1_doc_26_1486557278 0
219 0 msmarco_v2.1_doc_26_1547071631 0
219 0 msmarco_v2.1_doc_26_1833100482 0
219 0 msmarco_v2.1_doc_26_579893125 0
219 0 msmarco_v2.1_doc_26_650474332 0
219 0 msmarco_v2.1_doc_27_1237234735 0
219 0 msmarco_v2.1_doc_27_13472149 0
219 0 msmarco_v2.1_doc_27_555224021 0
219 0 msmarco_v2.1_doc_30_1758320464 0
219 0 msmarco_v2.1_doc_31_800304771 0
219 0 msmarco_v2.1_doc_35_25564451 0
219 0 msmarco_v2.1_doc_38_1565437583 0
219 0 msmarco_v2.1_doc_39_631692389 0
219 0 msmarco_v2.1_doc_40_1546791909 0
219 0 msmarco_v2.1_doc_40_1599798740 0
219 0 msmarco_v2.1_doc_41_1811996902 0
219 0 msmarco_v2.1_doc_42_1148068004 0
219 0 msmarco_v2.1_doc_43_709340985 0
219 0 msmarco_v2.1_doc_44_1263417102 0
219 0 msmarco_v2.1_doc_44_1268198409 0
219 0 msmarco_v2.1_doc_45_907275010 0
219 0 msmarco_v2.1_doc_46_1103032774 0
219 0 msmarco_v2.1_doc_47_1345742954 0
219 0 msmarco_v2.1_doc_49_1552731406 0
219 0 msmarco_v2.1_doc_49_722741528 0
219 0 msmarco_v2.1_doc_49_984732632 0
219 0 msmarco_v2.1_doc_50_231073760 0
219 0 msmarco_v2.1_doc_51_1798786554 0
219 0 msmarco_v2.1_doc_52_470261484 0
219 0 msmarco_v2.1_doc_53_1130709134 0
219 0 msmarco_v2.1_doc_54_496920420 0
219 0 msmarco_v2.1_doc_55_595934200 0
219 0 msmarco_v2.1_doc_56_1661744588 0
219 0 msmarco_v2.1_doc_56_434738932 0
219 0 msmarco_v2.1_doc_57_1266513369 0
219 0 msmarco_v2.1_doc_57_128707311 0
219 0 msmarco_v2.1_doc_58_803499011 0
219 0 msmarco_v2.1_doc_59_257603705 0
224 0 msmarco_v2.1_doc_19_1052028718 4
224 0 msmarco_v2.1_doc_02_1531972782 3
224 0 msmarco_v2.1_doc_12_2636742 3
224 0 msmarco_v2.1_doc_26_848229964 3
224 0 msmarco_v2.1_doc_27_309204132 3
224 0 msmarco_v2.1_doc_32_1653845813 3
224 0 msmarco_v2.1_doc_41_655532882 3
224 0 msmarco_v2.1_doc_01_20025061 2
224 0 msmarco_v2.1_doc_02_1245828583 2
224 0 msmarco_v2.1_doc_05_1213139338 2
224 0 msmarco_v2.1_doc_05_1669644034 2
224 0 msmarco_v2.1_doc_05_1741647226 2
224 0 msmarco_v2.1_doc_06_1485843804 2
224 0 msmarco_v2.1_doc_06_597262790 2
224 0 msmarco_v2.1_doc_06_734113410 2
224 0 msmarco_v2.1_doc_07_1540863809 2
224 0 msmarco_v2.1_doc_07_433385673 2
224 0 msmarco_v2.1_doc_11_278558233 2
224 0 msmarco_v2.1_doc_14_1153322191 2
224 0 msmarco_v2.1_doc_17_1769304745 2
224 0 msmarco_v2.1_doc_17_1885687381 2
224 0 msmarco_v2.1_doc_17_1885726870 2
224 0 msmarco_v2.1_doc_17_1887628306 2
224 0 msmarco_v2.1_doc_18_154367911 2
224 0 msmarco_v2.1_doc_23_113894785 2
224 0 msmarco_v2.1_doc_26_744425836 2
224 0 msmarco_v2.1_doc_28_1709108121 2
224 0 msmarco_v2.1_doc_31_1750609309 2
224 0 msmarco_v2.1_doc_39_1099485576 2
224 0 msmarco_v2.1_doc_41_655778155 2
224 0 msmarco_v2.1_doc_48_1614273536 2
224 0 msmarco_v2.1_doc_48_1837262441 2
224 0 msmarco_v2.1_doc_51_320905630 2
224 0 msmarco_v2.1_doc_52_220154391 2
224 0 msmarco_v2.1_doc_54_289505046 2
224 0 msmarco_v2.1_doc_56_907776438 2
224 0 msmarco_v2.1_doc_58_1224355061 2
224 0 msmarco_v2.1_doc_00_1287800024 1
224 0 msmarco_v2.1_doc_00_1347143044 1
224 0 msmarco_v2.1_doc_00_1663110051 1
224 0 msmarco_v2.1_doc_00_1671170458 1
224 0 msmarco_v2.1_doc_00_28063243 1
224 0 msmarco_v2.1_doc_00_946058179 1
224 0 msmarco_v2.1_doc_01_1098137588 1
224 0 msmarco_v2.1_doc_01_633292923 1
224 0 msmarco_v2.1_doc_01_865070229 1
224 0 msmarco_v2.1_doc_02_1627986340 1
224 0 msmarco_v2.1_doc_02_683197372 1
224 0 msmarco_v2.1_doc_02_758335811 1
224 0 msmarco_v2.1_doc_02_804952046 1
224 0 msmarco_v2.1_doc_02_886572594 1
224 0 msmarco_v2.1_doc_03_1459573683 1
224 0 msmarco_v2.1_doc_03_605063833 1
224 0 msmarco_v2.1_doc_03_774376399 1
224 0 msmarco_v2.1_doc_04_1235977190 1
224 0 msmarco_v2.1_doc_04_252358332 1
224 0 msmarco_v2.1_doc_04_356314908 1
224 0 msmarco_v2.1_doc_04_93458639 1
224 0 msmarco_v2.1_doc_05_1244277551 1
224 0 msmarco_v2.1_doc_05_1523020663 1
224 0 msmarco_v2.1_doc_06_1674381531 1
224 0 msmarco_v2.1_doc_06_1750335569 1
224 0 msmarco_v2.1_doc_06_1836689859 1
224 0 msmarco_v2.1_doc_06_47912111 1
224 0 msmarco_v2.1_doc_07_1021752968 1
224 0 msmarco_v2.1_doc_07_1539606277 1
224 0 msmarco_v2.1_doc_07_1540481622 1
224 0 msmarco_v2.1_doc_07_1541096959 1
224 0 msmarco_v2.1_doc_07_709785305 1
224 0 msmarco_v2.1_doc_08_1542867623 1
224 0 msmarco_v2.1_doc_11_1008232275 1
224 0 msmarco_v2.1_doc_11_1033568399 1
224 0 msmarco_v2.1_doc_11_404294233 1
224 0 msmarco_v2.1_doc_12_446386978 1
224 0 msmarco_v2.1_doc_12_447199829 1
224 0 msmarco_v2.1_doc_13_761492 1
224 0 msmarco_v2.1_doc_14_1053346842 1
224 0 msmarco_v2.1_doc_14_1164829988 1
224 0 msmarco_v2.1_doc_14_334165196 1
224 0 msmarco_v2.1_doc_14_401404792 1
224 0 msmarco_v2.1_doc_14_403761011 1
224 0 msmarco_v2.1_doc_15_840126252 1
224 0 msmarco_v2.1_doc_16_1980399190 1
224 0 msmarco_v2.1_doc_16_2123636911 1
224 0 msmarco_v2.1_doc_16_3041198189 1
224 0 msmarco_v2.1_doc_16_587372512 1
224 0 msmarco_v2.1_doc_17_163544219 1
224 0 msmarco_v2.1_doc_17_1992894568 1
224 0 msmarco_v2.1_doc_17_2385980323 1
224 0 msmarco_v2.1_doc_17_374723011 1
224 0 msmarco_v2.1_doc_17_696376298 1
224 0 msmarco_v2.1_doc_18_154889387 1
224 0 msmarco_v2.1_doc_18_3209453088 1
224 0 msmarco_v2.1_doc_18_794368089 1
224 0 msmarco_v2.1_doc_19_1120788602 1
224 0 msmarco_v2.1_doc_19_994621320 1
224 0 msmarco_v2.1_doc_20_1056225335 1
224 0 msmarco_v2.1_doc_20_211908345 1
224 0 msmarco_v2.1_doc_21_1229385434 1
224 0 msmarco_v2.1_doc_22_818223978 1
224 0 msmarco_v2.1_doc_23_1414883606 1
224 0 msmarco_v2.1_doc_23_468454879 1
224 0 msmarco_v2.1_doc_24_1162679097 1
224 0 msmarco_v2.1_doc_24_355436576 1
224 0 msmarco_v2.1_doc_24_371643862 1
224 0 msmarco_v2.1_doc_24_628355408 1
224 0 msmarco_v2.1_doc_24_94820142 1
224 0 msmarco_v2.1_doc_25_859021048 1
224 0 msmarco_v2.1_doc_26_1445053078 1
224 0 msmarco_v2.1_doc_26_1491829515 1
224 0 msmarco_v2.1_doc_26_1715682305 1
224 0 msmarco_v2.1_doc_26_1776044319 1
224 0 msmarco_v2.1_doc_26_1831021726 1
224 0 msmarco_v2.1_doc_26_610905486 1
224 0 msmarco_v2.1_doc_26_611080790 1
224 0 msmarco_v2.1_doc_26_970581424 1
224 0 msmarco_v2.1_doc_27_81009087 1
224 0 msmarco_v2.1_doc_28_1097808783 1
224 0 msmarco_v2.1_doc_29_1234507265 1
224 0 msmarco_v2.1_doc_29_1385626205 1
224 0 msmarco_v2.1_doc_29_1467929846 1
224 0 msmarco_v2.1_doc_29_962051004 1
224 0 msmarco_v2.1_doc_31_498678109 1
224 0 msmarco_v2.1_doc_32_1471988646 1
224 0 msmarco_v2.1_doc_32_1611754262 1
224 0 msmarco_v2.1_doc_32_1653968664 1
224 0 msmarco_v2.1_doc_32_320753812 1
224 0 msmarco_v2.1_doc_32_414119684 1
224 0 msmarco_v2.1_doc_33_1323906238 1
224 0 msmarco_v2.1_doc_33_1323943928 1
224 0 msmarco_v2.1_doc_33_1325406860 1
224 0 msmarco_v2.1_doc_33_1461620299 1
224 0 msmarco_v2.1_doc_33_1471168491 1
224 0 msmarco_v2.1_doc_33_222394111 1
224 0 msmarco_v2.1_doc_33_412980076 1
224 0 msmarco_v2.1_doc_34_1325001937 1
224 0 msmarco_v2.1_doc_34_1633176131 1
224 0 msmarco_v2.1_doc_35_1629872054 1
224 0 msmarco_v2.1_doc_35_1630397665 1
224 0 msmarco_v2.1_doc_35_213012212 1
224 0 msmarco_v2.1_doc_35_30356054 1
224 0 msmarco_v2.1_doc_35_31141789 1
224 0 msmarco_v2.1_doc_35_63415118 1
224 0 msmarco_v2.1_doc_36_1138809780 1
224 0 msmarco_v2.1_doc_36_1230988209 1
224 0 msmarco_v2.1_doc_36_1274427275 1
224 0 msmarco_v2.1_doc_37_1382915640 1
224 0 msmarco_v2.1_doc_37_1405058562 1
224 0 msmarco_v2.1_doc_37_518206339 1
224 0 msmarco_v2.1_doc_38_1213080720 1
224 0 msmarco_v2.1_doc_39_1097190272 1
224 0 msmarco_v2.1_doc_39_781986071 1
224 0 msmarco_v2.1_doc_40_1410910370 1
224 0 msmarco_v2.1_doc_41_1198466248 1
224 0 msmarco_v2.1_doc_41_1691121974 1
224 0 msmarco_v2.1_doc_41_655247283 1
224 0 msmarco_v2.1_doc_41_655435953 1
224 0 msmarco_v2.1_doc_41_655686480 1
224 0 msmarco_v2.1_doc_41_908618529 1
224 0 msmarco_v2.1_doc_42_1006715969 1
224 0 msmarco_v2.1_doc_42_1007181091 1
224 0 msmarco_v2.1_doc_42_132605882 1
224 0 msmarco_v2.1_doc_42_135621447 1
224 0 msmarco_v2.1_doc_43_1347003121 1
224 0 msmarco_v2.1_doc_43_1347060537 1
224 0 msmarco_v2.1_doc_44_464429844 1
224 0 msmarco_v2.1_doc_44_47419207 1
224 0 msmarco_v2.1_doc_44_626315329 1
224 0 msmarco_v2.1_doc_45_1037688871 1
224 0 msmarco_v2.1_doc_45_1258077484 1
224 0 msmarco_v2.1_doc_45_398617530 1
224 0 msmarco_v2.1_doc_45_630477229 1
224 0 msmarco_v2.1_doc_45_910763312 1
224 0 msmarco_v2.1_doc_47_1425914331 1
224 0 msmarco_v2.1_doc_47_1433052319 1
224 0 msmarco_v2.1_doc_47_1442138476 1
224 0 msmarco_v2.1_doc_47_273892981 1
224 0 msmarco_v2.1_doc_47_274043229 1
224 0 msmarco_v2.1_doc_47_274087821 1
224 0 msmarco_v2.1_doc_47_274355915 1
224 0 msmarco_v2.1_doc_47_274522864 1
224 0 msmarco_v2.1_doc_48_1265511957 1
224 0 msmarco_v2.1_doc_48_257737896 1
224 0 msmarco_v2.1_doc_48_517754271 1
224 0 msmarco_v2.1_doc_50_376596613 1
224 0 msmarco_v2.1_doc_50_84664997 1
224 0 msmarco_v2.1_doc_51_169816949 1
224 0 msmarco_v2.1_doc_51_242674390 1
224 0 msmarco_v2.1_doc_51_296929760 1
224 0 msmarco_v2.1_doc_51_852488185 1
224 0 msmarco_v2.1_doc_51_908567679 1
224 0 msmarco_v2.1_doc_52_1210088565 1
224 0 msmarco_v2.1_doc_52_731343229 1
224 0 msmarco_v2.1_doc_52_876714936 1
224 0 msmarco_v2.1_doc_53_353592779 1
224 0 msmarco_v2.1_doc_53_432169298 1
224 0 msmarco_v2.1_doc_53_483276967 1
224 0 msmarco_v2.1_doc_54_1543194748 1
224 0 msmarco_v2.1_doc_55_388318204 1
224 0 msmarco_v2.1_doc_56_364760628 1
224 0 msmarco_v2.1_doc_56_470475814 1
224 0 msmarco_v2.1_doc_56_707472959 1
224 0 msmarco_v2.1_doc_56_996480623 1
224 0 msmarco_v2.1_doc_57_117991220 1
224 0 msmarco_v2.1_doc_57_604209220 1
224 0 msmarco_v2.1_doc_58_1237060684 1
224 0 msmarco_v2.1_doc_58_1237621863 1
224 0 msmarco_v2.1_doc_58_1249662365 1
224 0 msmarco_v2.1_doc_58_1297139416 1
224 0 msmarco_v2.1_doc_59_633382710 1
224 0 msmarco_v2.1_doc_59_728605347 1
224 0 msmarco_v2.1_doc_01_2668162 0
224 0 msmarco_v2.1_doc_02_1270849579 0
224 0 msmarco_v2.1_doc_03_1428148059 0
224 0 msmarco_v2.1_doc_05_1238150080 0
224 0 msmarco_v2.1_doc_06_1854523898 0
224 0 msmarco_v2.1_doc_06_1940181455 0
224 0 msmarco_v2.1_doc_06_210507828 0
224 0 msmarco_v2.1_doc_06_502809198 0
224 0 msmarco_v2.1_doc_07_1539790365 0
224 0 msmarco_v2.1_doc_07_1540103038 0
224 0 msmarco_v2.1_doc_07_1540166643 0
224 0 msmarco_v2.1_doc_07_1540237707 0
224 0 msmarco_v2.1_doc_07_1540540260 0
224 0 msmarco_v2.1_doc_07_1540676392 0
224 0 msmarco_v2.1_doc_07_198147552 0
224 0 msmarco_v2.1_doc_08_1572712313 0
224 0 msmarco_v2.1_doc_09_621052094 0
224 0 msmarco_v2.1_doc_11_105740764 0
224 0 msmarco_v2.1_doc_13_716074387 0
224 0 msmarco_v2.1_doc_13_717073248 0
224 0 msmarco_v2.1_doc_13_758179297 0
224 0 msmarco_v2.1_doc_13_760997689 0
224 0 msmarco_v2.1_doc_14_347928261 0
224 0 msmarco_v2.1_doc_15_1820842300 0
224 0 msmarco_v2.1_doc_15_1821924676 0
224 0 msmarco_v2.1_doc_16_2870221600 0
224 0 msmarco_v2.1_doc_16_457535134 0
224 0 msmarco_v2.1_doc_17_1910134575 0
224 0 msmarco_v2.1_doc_17_2576682412 0
224 0 msmarco_v2.1_doc_17_2730903417 0
224 0 msmarco_v2.1_doc_18_1435463239 0
224 0 msmarco_v2.1_doc_18_154501720 0
224 0 msmarco_v2.1_doc_18_2400004155 0
224 0 msmarco_v2.1_doc_18_780921080 0
224 0 msmarco_v2.1_doc_19_1126881203 0
224 0 msmarco_v2.1_doc_19_63185265 0
224 0 msmarco_v2.1_doc_20_1476593064 0
224 0 msmarco_v2.1_doc_21_15075090 0
224 0 msmarco_v2.1_doc_22_1517516036 0
224 0 msmarco_v2.1_doc_22_818171584 0
224 0 msmarco_v2.1_doc_23_633061391 0
224 0 msmarco_v2.1_doc_23_643176782 0
224 0 msmarco_v2.1_doc_24_1596678585 0
224 0 msmarco_v2.1_doc_24_578351139 0
224 0 msmarco_v2.1_doc_25_1302084273 0
224 0 msmarco_v2.1_doc_25_855827923 0
224 0 msmarco_v2.1_doc_25_865966536 0
224 0 msmarco_v2.1_doc_25_941857297 0
224 0 msmarco_v2.1_doc_26_1661828553 0
224 0 msmarco_v2.1_doc_27_1011126835 0
224 0 msmarco_v2.1_doc_27_1017633023 0
224 0 msmarco_v2.1_doc_27_218200730 0
224 0 msmarco_v2.1_doc_27_474051457 0
224 0 msmarco_v2.1_doc_28_411087800 0
224 0 msmarco_v2.1_doc_28_794404286 0
224 0 msmarco_v2.1_doc_31_1188325906 0
224 0 msmarco_v2.1_doc_31_1439056996 0
224 0 msmarco_v2.1_doc_32_1611481662 0
224 0 msmarco_v2.1_doc_36_605348045 0
224 0 msmarco_v2.1_doc_38_1568831918 0
224 0 msmarco_v2.1_doc_39_1211867621 0
224 0 msmarco_v2.1_doc_39_528260079 0
224 0 msmarco_v2.1_doc_39_539164685 0
224 0 msmarco_v2.1_doc_39_726591570 0
224 0 msmarco_v2.1_doc_41_1777494746 0
224 0 msmarco_v2.1_doc_45_1255515925 0
224 0 msmarco_v2.1_doc_45_1255539750 0
224 0 msmarco_v2.1_doc_45_1255553477 0
224 0 msmarco_v2.1_doc_45_1258006812 0
224 0 msmarco_v2.1_doc_45_650059144 0
224 0 msmarco_v2.1_doc_46_277092763 0
224 0 msmarco_v2.1_doc_47_119483120 0
224 0 msmarco_v2.1_doc_47_1366445633 0
224 0 msmarco_v2.1_doc_47_273645486 0
224 0 msmarco_v2.1_doc_47_274123257 0
224 0 msmarco_v2.1_doc_47_275018301 0
224 0 msmarco_v2.1_doc_47_275043211 0
224 0 msmarco_v2.1_doc_47_275116219 0
224 0 msmarco_v2.1_doc_47_275243190 0
224 0 msmarco_v2.1_doc_48_1265435136 0
224 0 msmarco_v2.1_doc_48_5658509 0
224 0 msmarco_v2.1_doc_53_1159274056 0
224 0 msmarco_v2.1_doc_54_111437393 0
224 0 msmarco_v2.1_doc_54_258922333 0
224 0 msmarco_v2.1_doc_56_392305621 0
224 0 msmarco_v2.1_doc_56_773937075 0
224 0 msmarco_v2.1_doc_57_1064121489 0
224 0 msmarco_v2.1_doc_57_1292950933 0
224 0 msmarco_v2.1_doc_57_1295173421 0
224 0 msmarco_v2.1_doc_58_1318920952 0
224 0 msmarco_v2.1_doc_58_651298181 0
225 0 msmarco_v2.1_doc_31_102950902 4
225 0 msmarco_v2.1_doc_04_248112693 3
225 0 msmarco_v2.1_doc_50_381773295 3
225 0 msmarco_v2.1_doc_02_1110891822 2
225 0 msmarco_v2.1_doc_02_1469644155 2
225 0 msmarco_v2.1_doc_04_1296372286 2
225 0 msmarco_v2.1_doc_05_1619628889 2
225 0 msmarco_v2.1_doc_06_1401532445 2
225 0 msmarco_v2.1_doc_08_1070535872 2
225 0 msmarco_v2.1_doc_09_1096012051 2
225 0 msmarco_v2.1_doc_11_38228787 2
225 0 msmarco_v2.1_doc_17_1266915243 2
225 0 msmarco_v2.1_doc_20_1533540719 2
225 0 msmarco_v2.1_doc_20_1571857414 2
225 0 msmarco_v2.1_doc_20_590091439 2
225 0 msmarco_v2.1_doc_21_979745444 2
225 0 msmarco_v2.1_doc_22_1337854496 2
225 0 msmarco_v2.1_doc_25_930779496 2
225 0 msmarco_v2.1_doc_29_768261912 2
225 0 msmarco_v2.1_doc_31_102981377 2
225 0 msmarco_v2.1_doc_33_221744548 2
225 0 msmarco_v2.1_doc_33_225352137 2
225 0 msmarco_v2.1_doc_35_1588576953 2
225 0 msmarco_v2.1_doc_35_286464763 2
225 0 msmarco_v2.1_doc_39_569577711 2
225 0 msmarco_v2.1_doc_40_1504920321 2
225 0 msmarco_v2.1_doc_45_1274780979 2
225 0 msmarco_v2.1_doc_50_381788213 2
225 0 msmarco_v2.1_doc_50_447560452 2
225 0 msmarco_v2.1_doc_50_460993977 2
225 0 msmarco_v2.1_doc_51_1469276126 2
225 0 msmarco_v2.1_doc_56_1481449098 2
225 0 msmarco_v2.1_doc_56_1489632694 2
225 0 msmarco_v2.1_doc_56_1641661627 2
225 0 msmarco_v2.1_doc_56_388228423 2
225 0 msmarco_v2.1_doc_56_422960053 2
225 0 msmarco_v2.1_doc_01_1915771067 1
225 0 msmarco_v2.1_doc_01_524239959 1
225 0 msmarco_v2.1_doc_03_354269807 1
225 0 msmarco_v2.1_doc_05_1278790344 1
225 0 msmarco_v2.1_doc_05_593930979 1
225 0 msmarco_v2.1_doc_05_807895187 1
225 0 msmarco_v2.1_doc_07_974251739 1
225 0 msmarco_v2.1_doc_08_39747593 1
225 0 msmarco_v2.1_doc_08_934335167 1
225 0 msmarco_v2.1_doc_09_991081733 1
225 0 msmarco_v2.1_doc_11_428452265 1
225 0 msmarco_v2.1_doc_11_659528571 1
225 0 msmarco_v2.1_doc_13_1422290378 1
225 0 msmarco_v2.1_doc_13_508553802 1
225 0 msmarco_v2.1_doc_14_1237520299 1
225 0 msmarco_v2.1_doc_14_1237926128 1
225 0 msmarco_v2.1_doc_14_1525726347 1
225 0 msmarco_v2.1_doc_14_1649682120 1
225 0 msmarco_v2.1_doc_17_1030439176 1
225 0 msmarco_v2.1_doc_17_1032135673 1
225 0 msmarco_v2.1_doc_17_1950833381 1
225 0 msmarco_v2.1_doc_18_628039659 1
225 0 msmarco_v2.1_doc_19_1126563599 1
225 0 msmarco_v2.1_doc_19_1349939927 1
225 0 msmarco_v2.1_doc_19_286071281 1
225 0 msmarco_v2.1_doc_19_286752551 1
225 0 msmarco_v2.1_doc_19_286783402 1
225 0 msmarco_v2.1_doc_20_1478642626 1
225 0 msmarco_v2.1_doc_21_172655348 1
225 0 msmarco_v2.1_doc_21_531411850 1
225 0 msmarco_v2.1_doc_22_302484491 1
225 0 msmarco_v2.1_doc_23_441373430 1
225 0 msmarco_v2.1_doc_24_284230728 1
225 0 msmarco_v2.1_doc_24_61981129 1
225 0 msmarco_v2.1_doc_25_1215213695 1
225 0 msmarco_v2.1_doc_25_1220345674 1
225 0 msmarco_v2.1_doc_25_1355297022 1
225 0 msmarco_v2.1_doc_25_14884327 1
225 0 msmarco_v2.1_doc_25_260238415 1
225 0 msmarco_v2.1_doc_25_774439135 1
225 0 msmarco_v2.1_doc_25_859564232 1
225 0 msmarco_v2.1_doc_25_860360785 1
225 0 msmarco_v2.1_doc_25_941581674 1
225 0 msmarco_v2.1_doc_26_103089882 1
225 0 msmarco_v2.1_doc_28_396362293 1
225 0 msmarco_v2.1_doc_29_849708276 1
225 0 msmarco_v2.1_doc_30_1691713115 1
225 0 msmarco_v2.1_doc_30_482288129 1
225 0 msmarco_v2.1_doc_32_375513360 1
225 0 msmarco_v2.1_doc_32_382189740 1
225 0 msmarco_v2.1_doc_32_382208457 1
225 0 msmarco_v2.1_doc_33_221778622 1
225 0 msmarco_v2.1_doc_33_222675751 1
225 0 msmarco_v2.1_doc_35_1588650981 1
225 0 msmarco_v2.1_doc_35_286483355 1
225 0 msmarco_v2.1_doc_36_219092931 1
225 0 msmarco_v2.1_doc_37_164926007 1
225 0 msmarco_v2.1_doc_37_166009204 1
225 0 msmarco_v2.1_doc_37_84273746 1
225 0 msmarco_v2.1_doc_39_490894339 1
225 0 msmarco_v2.1_doc_39_569493235 1
225 0 msmarco_v2.1_doc_41_1690292144 1
225 0 msmarco_v2.1_doc_42_573129080 1
225 0 msmarco_v2.1_doc_42_573728839 1
225 0 msmarco_v2.1_doc_42_909689914 1
225 0 msmarco_v2.1_doc_43_324072340 1
225 0 msmarco_v2.1_doc_44_1726368186 1
225 0 msmarco_v2.1_doc_45_1076058603 1
225 0 msmarco_v2.1_doc_47_520998986 1
225 0 msmarco_v2.1_doc_47_525132896 1
225 0 msmarco_v2.1_doc_48_1222140278 1
225 0 msmarco_v2.1_doc_49_794665387 1
225 0 msmarco_v2.1_doc_50_383223687 1
225 0 msmarco_v2.1_doc_50_387219041 1
225 0 msmarco_v2.1_doc_50_408773595 1
225 0 msmarco_v2.1_doc_50_413742713 1
225 0 msmarco_v2.1_doc_50_41419988 1
225 0 msmarco_v2.1_doc_50_416550536 1
225 0 msmarco_v2.1_doc_50_422166598 1
225 0 msmarco_v2.1_doc_50_425231108 1
225 0 msmarco_v2.1_doc_50_451562352 1
225 0 msmarco_v2.1_doc_50_458073169 1
225 0 msmarco_v2.1_doc_50_471431739 1
225 0 msmarco_v2.1_doc_50_482784620 1
225 0 msmarco_v2.1_doc_51_1527434683 1
225 0 msmarco_v2.1_doc_52_46563161 1
225 0 msmarco_v2.1_doc_53_1185239405 1
225 0 msmarco_v2.1_doc_53_464381740 1
225 0 msmarco_v2.1_doc_54_1256656750 1
225 0 msmarco_v2.1_doc_54_1567107979 1
225 0 msmarco_v2.1_doc_54_430592437 1
225 0 msmarco_v2.1_doc_56_1119115624 1
225 0 msmarco_v2.1_doc_56_1575006959 1
225 0 msmarco_v2.1_doc_56_374855538 1
225 0 msmarco_v2.1_doc_56_388129491 1
225 0 msmarco_v2.1_doc_56_388168466 1
225 0 msmarco_v2.1_doc_56_818268418 1
225 0 msmarco_v2.1_doc_56_915659332 1
225 0 msmarco_v2.1_doc_57_1135449844 1
225 0 msmarco_v2.1_doc_57_3068313 1
225 0 msmarco_v2.1_doc_57_949358285 1
225 0 msmarco_v2.1_doc_57_949373090 1
225 0 msmarco_v2.1_doc_59_569347618 1
225 0 msmarco_v2.1_doc_59_826630555 1
225 0 msmarco_v2.1_doc_06_1403744611 0
225 0 msmarco_v2.1_doc_06_1896359918 0
225 0 msmarco_v2.1_doc_15_1839370077 0
225 0 msmarco_v2.1_doc_16_26363919 0
225 0 msmarco_v2.1_doc_16_2952943172 0
225 0 msmarco_v2.1_doc_17_15728718 0
225 0 msmarco_v2.1_doc_25_779831183 0
225 0 msmarco_v2.1_doc_25_967779704 0
225 0 msmarco_v2.1_doc_36_969232894 0
225 0 msmarco_v2.1_doc_42_220529506 0
225 0 msmarco_v2.1_doc_42_461634415 0
225 0 msmarco_v2.1_doc_43_335471308 0
225 0 msmarco_v2.1_doc_45_625448312 0
225 0 msmarco_v2.1_doc_50_407607123 0
225 0 msmarco_v2.1_doc_50_447742675 0
233 0 msmarco_v2.1_doc_25_797033754 4
233 0 msmarco_v2.1_doc_28_1674396575 4
233 0 msmarco_v2.1_doc_28_608805405 4
233 0 msmarco_v2.1_doc_48_494313166 4
233 0 msmarco_v2.1_doc_48_494901233 4
233 0 msmarco_v2.1_doc_50_500837590 4
233 0 msmarco_v2.1_doc_04_1296310267 3
233 0 msmarco_v2.1_doc_15_69509697 3
233 0 msmarco_v2.1_doc_31_720042707 3
233 0 msmarco_v2.1_doc_32_133903300 3
233 0 msmarco_v2.1_doc_36_866069789 3
233 0 msmarco_v2.1_doc_44_196113712 3
233 0 msmarco_v2.1_doc_44_202030280 3
233 0 msmarco_v2.1_doc_47_550707904 3
233 0 msmarco_v2.1_doc_54_1423651071 3
233 0 msmarco_v2.1_doc_54_1646295663 3
233 0 msmarco_v2.1_doc_56_1495411393 3
233 0 msmarco_v2.1_doc_13_508489960 2
233 0 msmarco_v2.1_doc_13_549509498 2
233 0 msmarco_v2.1_doc_14_1132278628 2
233 0 msmarco_v2.1_doc_14_206332628 2
233 0 msmarco_v2.1_doc_23_223127436 2
233 0 msmarco_v2.1_doc_25_1257291209 2
233 0 msmarco_v2.1_doc_25_1595908210 2
233 0 msmarco_v2.1_doc_28_608638140 2
233 0 msmarco_v2.1_doc_31_1178332378 2
233 0 msmarco_v2.1_doc_35_560338774 2
233 0 msmarco_v2.1_doc_36_659985361 2
233 0 msmarco_v2.1_doc_37_832212256 2
233 0 msmarco_v2.1_doc_41_1851326837 2
233 0 msmarco_v2.1_doc_42_948247985 2
233 0 msmarco_v2.1_doc_44_417838307 2
233 0 msmarco_v2.1_doc_44_465042259 2
233 0 msmarco_v2.1_doc_45_1197186077 2
233 0 msmarco_v2.1_doc_46_607476867 2
233 0 msmarco_v2.1_doc_48_494170558 2
233 0 msmarco_v2.1_doc_48_913410534 2
233 0 msmarco_v2.1_doc_50_2476796265 2
233 0 msmarco_v2.1_doc_50_377492366 2
233 0 msmarco_v2.1_doc_50_383223687 2
233 0 msmarco_v2.1_doc_50_500827690 2
233 0 msmarco_v2.1_doc_54_1650104087 2
233 0 msmarco_v2.1_doc_56_1066678256 2
233 0 msmarco_v2.1_doc_08_39747593 1
233 0 msmarco_v2.1_doc_11_271393063 1
233 0 msmarco_v2.1_doc_13_1422721869 1
233 0 msmarco_v2.1_doc_13_262559121 1
233 0 msmarco_v2.1_doc_13_358746500 1
233 0 msmarco_v2.1_doc_14_1458083290 1
233 0 msmarco_v2.1_doc_14_40665735 1
233 0 msmarco_v2.1_doc_18_1310035814 1
233 0 msmarco_v2.1_doc_19_1140554227 1
233 0 msmarco_v2.1_doc_19_1549252601 1
233 0 msmarco_v2.1_doc_21_267072906 1
233 0 msmarco_v2.1_doc_22_1684428657 1
233 0 msmarco_v2.1_doc_24_1284665330 1
233 0 msmarco_v2.1_doc_25_1350279252 1
233 0 msmarco_v2.1_doc_25_153758805 1
233 0 msmarco_v2.1_doc_25_776913014 1
233 0 msmarco_v2.1_doc_26_572136167 1
233 0 msmarco_v2.1_doc_26_996983814 1
233 0 msmarco_v2.1_doc_28_19182410 1
233 0 msmarco_v2.1_doc_28_447215543 1
233 0 msmarco_v2.1_doc_28_608972512 1
233 0 msmarco_v2.1_doc_28_673453294 1
233 0 msmarco_v2.1_doc_28_84629367 1
233 0 msmarco_v2.1_doc_29_1316173642 1
233 0 msmarco_v2.1_doc_30_108731380 1
233 0 msmarco_v2.1_doc_30_258279505 1
233 0 msmarco_v2.1_doc_30_530225083 1
233 0 msmarco_v2.1_doc_31_683444716 1
233 0 msmarco_v2.1_doc_31_719053370 1
233 0 msmarco_v2.1_doc_32_787726023 1
233 0 msmarco_v2.1_doc_32_89831315 1
233 0 msmarco_v2.1_doc_33_220602876 1
233 0 msmarco_v2.1_doc_36_1179958417 1
233 0 msmarco_v2.1_doc_38_1238643571 1
233 0 msmarco_v2.1_doc_40_38543601 1
233 0 msmarco_v2.1_doc_40_588953167 1
233 0 msmarco_v2.1_doc_42_325804988 1
233 0 msmarco_v2.1_doc_43_275608375 1
233 0 msmarco_v2.1_doc_43_309875603 1
233 0 msmarco_v2.1_doc_43_538610126 1
233 0 msmarco_v2.1_doc_44_56455761 1
233 0 msmarco_v2.1_doc_45_881328955 1
233 0 msmarco_v2.1_doc_46_1004254611 1
233 0 msmarco_v2.1_doc_46_775586382 1
233 0 msmarco_v2.1_doc_46_806679615 1
233 0 msmarco_v2.1_doc_48_494027199 1
233 0 msmarco_v2.1_doc_48_494071171 1
233 0 msmarco_v2.1_doc_48_494522536 1
233 0 msmarco_v2.1_doc_48_92984813 1
233 0 msmarco_v2.1_doc_49_405933335 1
233 0 msmarco_v2.1_doc_50_339166166 1
233 0 msmarco_v2.1_doc_50_414755945 1
233 0 msmarco_v2.1_doc_52_1267672985 1
233 0 msmarco_v2.1_doc_53_496905254 1
233 0 msmarco_v2.1_doc_56_1482044974 1
233 0 msmarco_v2.1_doc_56_1575324313 1
233 0 msmarco_v2.1_doc_56_475814596 1
233 0 msmarco_v2.1_doc_56_756711350 1
233 0 msmarco_v2.1_doc_59_415186616 1
233 0 msmarco_v2.1_doc_00_1111847989 0
233 0 msmarco_v2.1_doc_01_2051704654 0
233 0 msmarco_v2.1_doc_03_226483246 0
233 0 msmarco_v2.1_doc_04_1078265753 0
233 0 msmarco_v2.1_doc_11_652538891 0
233 0 msmarco_v2.1_doc_12_1189411306 0
233 0 msmarco_v2.1_doc_14_610644998 0
233 0 msmarco_v2.1_doc_15_1821771046 0
233 0 msmarco_v2.1_doc_15_533582955 0
233 0 msmarco_v2.1_doc_16_13989877 0
233 0 msmarco_v2.1_doc_16_155036543 0
233 0 msmarco_v2.1_doc_18_2190390095 0
233 0 msmarco_v2.1_doc_20_1478672218 0
233 0 msmarco_v2.1_doc_24_1528429645 0
233 0 msmarco_v2.1_doc_24_321460391 0
233 0 msmarco_v2.1_doc_25_340848127 0
233 0 msmarco_v2.1_doc_27_479580152 0
233 0 msmarco_v2.1_doc_27_555215191 0
233 0 msmarco_v2.1_doc_29_86545210 0
233 0 msmarco_v2.1_doc_32_376194637 0
233 0 msmarco_v2.1_doc_36_1599201103 0
233 0 msmarco_v2.1_doc_37_470445924 0
233 0 msmarco_v2.1_doc_38_661678944 0
233 0 msmarco_v2.1_doc_40_1108033613 0
233 0 msmarco_v2.1_doc_40_138134173 0
233 0 msmarco_v2.1_doc_42_653757797 0
233 0 msmarco_v2.1_doc_44_1264171777 0
233 0 msmarco_v2.1_doc_45_1035949293 0
233 0 msmarco_v2.1_doc_46_100912888 0
233 0 msmarco_v2.1_doc_46_57270144 0
233 0 msmarco_v2.1_doc_47_253673217 0
233 0 msmarco_v2.1_doc_47_529951291 0
233 0 msmarco_v2.1_doc_48_466907443 0
233 0 msmarco_v2.1_doc_48_494094498 0
233 0 msmarco_v2.1_doc_48_494882227 0
233 0 msmarco_v2.1_doc_48_883619454 0
233 0 msmarco_v2.1_doc_50_469553501 0
233 0 msmarco_v2.1_doc_50_499697369 0
233 0 msmarco_v2.1_doc_50_499706427 0
233 0 msmarco_v2.1_doc_50_500358881 0
233 0 msmarco_v2.1_doc_51_393454812 0
233 0 msmarco_v2.1_doc_54_1541817147 0
233 0 msmarco_v2.1_doc_54_430715628 0
233 0 msmarco_v2.1_doc_56_1465900087 0
233 0 msmarco_v2.1_doc_56_1569278923 0
233 0 msmarco_v2.1_doc_57_142433592 0
273 0 msmarco_v2.1_doc_24_1491962576 4
273 0 msmarco_v2.1_doc_02_1282299678 3
273 0 msmarco_v2.1_doc_02_563617700 3
273 0 msmarco_v2.1_doc_23_727618656 3
273 0 msmarco_v2.1_doc_33_1363122860 3
273 0 msmarco_v2.1_doc_00_1196783171 2
273 0 msmarco_v2.1_doc_01_1069566408 2
273 0 msmarco_v2.1_doc_01_265180587 2
273 0 msmarco_v2.1_doc_02_795920711 2
273 0 msmarco_v2.1_doc_03_1049525367 2
273 0 msmarco_v2.1_doc_03_1617279113 2
273 0 msmarco_v2.1_doc_03_1734521677 2
273 0 msmarco_v2.1_doc_06_1802475648 2
273 0 msmarco_v2.1_doc_06_273034128 2
273 0 msmarco_v2.1_doc_09_1750908065 2
273 0 msmarco_v2.1_doc_09_534308563 2
273 0 msmarco_v2.1_doc_11_1436121945 2
273 0 msmarco_v2.1_doc_11_1436305409 2
273 0 msmarco_v2.1_doc_11_665967060 2
273 0 msmarco_v2.1_doc_14_1157469653 2
273 0 msmarco_v2.1_doc_17_1747425443 2
273 0 msmarco_v2.1_doc_20_1055198544 2
273 0 msmarco_v2.1_doc_20_233076559 2
273 0 msmarco_v2.1_doc_20_897018789 2
273 0 msmarco_v2.1_doc_24_1492533340 2
273 0 msmarco_v2.1_doc_26_103271992 2
273 0 msmarco_v2.1_doc_26_600912089 2
273 0 msmarco_v2.1_doc_30_1539685813 2
273 0 msmarco_v2.1_doc_31_1330835480 2
273 0 msmarco_v2.1_doc_31_1656374047 2
273 0 msmarco_v2.1_doc_31_291251870 2
273 0 msmarco_v2.1_doc_32_124139527 2
273 0 msmarco_v2.1_doc_33_1350996329 2
273 0 msmarco_v2.1_doc_33_360346457 2
273 0 msmarco_v2.1_doc_34_1565413108 2
273 0 msmarco_v2.1_doc_34_1569296228 2
273 0 msmarco_v2.1_doc_38_1552295774 2
273 0 msmarco_v2.1_doc_41_665891385 2
273 0 msmarco_v2.1_doc_47_701090029 2
273 0 msmarco_v2.1_doc_49_1347385134 2
273 0 msmarco_v2.1_doc_49_463419704 2
273 0 msmarco_v2.1_doc_50_1091233359 2
273 0 msmarco_v2.1_doc_50_2340937687 2
273 0 msmarco_v2.1_doc_54_293141748 2
273 0 msmarco_v2.1_doc_56_392371078 2
273 0 msmarco_v2.1_doc_58_1236648361 2
273 0 msmarco_v2.1_doc_58_1250961391 2
273 0 msmarco_v2.1_doc_58_1263363324 2
273 0 msmarco_v2.1_doc_00_11081642 1
273 0 msmarco_v2.1_doc_00_730253391 1
273 0 msmarco_v2.1_doc_01_1059664402 1
273 0 msmarco_v2.1_doc_01_1060593803 1
273 0 msmarco_v2.1_doc_01_1065062657 1
273 0 msmarco_v2.1_doc_01_1107487924 1
273 0 msmarco_v2.1_doc_01_1789788716 1
273 0 msmarco_v2.1_doc_01_1845202619 1
273 0 msmarco_v2.1_doc_01_680009268 1
273 0 msmarco_v2.1_doc_02_1021438943 1
273 0 msmarco_v2.1_doc_02_1328793821 1
273 0 msmarco_v2.1_doc_03_1135480680 1
273 0 msmarco_v2.1_doc_03_570810954 1
273 0 msmarco_v2.1_doc_03_685136528 1
273 0 msmarco_v2.1_doc_03_692041796 1
273 0 msmarco_v2.1_doc_03_742960004 1
273 0 msmarco_v2.1_doc_04_1007623654 1
273 0 msmarco_v2.1_doc_04_1074223078 1
273 0 msmarco_v2.1_doc_04_501338854 1
273 0 msmarco_v2.1_doc_04_619750641 1
273 0 msmarco_v2.1_doc_05_1303297652 1
273 0 msmarco_v2.1_doc_05_728856036 1
273 0 msmarco_v2.1_doc_06_267943723 1
273 0 msmarco_v2.1_doc_06_278700386 1
273 0 msmarco_v2.1_doc_07_190500030 1
273 0 msmarco_v2.1_doc_07_610252026 1
273 0 msmarco_v2.1_doc_08_275464628 1
273 0 msmarco_v2.1_doc_08_275610384 1
273 0 msmarco_v2.1_doc_08_277686086 1
273 0 msmarco_v2.1_doc_08_805361165 1
273 0 msmarco_v2.1_doc_09_110751839 1
273 0 msmarco_v2.1_doc_09_1648332089 1
273 0 msmarco_v2.1_doc_10_1381990060 1
273 0 msmarco_v2.1_doc_10_1384806348 1
273 0 msmarco_v2.1_doc_10_1471961382 1
273 0 msmarco_v2.1_doc_10_736333744 1
273 0 msmarco_v2.1_doc_10_758085960 1
273 0 msmarco_v2.1_doc_11_1430277843 1
273 0 msmarco_v2.1_doc_11_1434688123 1
273 0 msmarco_v2.1_doc_11_197695451 1
273 0 msmarco_v2.1_doc_11_661436684 1
273 0 msmarco_v2.1_doc_11_661681479 1
273 0 msmarco_v2.1_doc_11_661846894 1
273 0 msmarco_v2.1_doc_11_664838773 1
273 0 msmarco_v2.1_doc_11_665916004 1
273 0 msmarco_v2.1_doc_11_668460148 1
273 0 msmarco_v2.1_doc_11_668896452 1
273 0 msmarco_v2.1_doc_11_748694705 1
273 0 msmarco_v2.1_doc_12_1232418 1
273 0 msmarco_v2.1_doc_12_1807806335 1
273 0 msmarco_v2.1_doc_12_21140057 1
273 0 msmarco_v2.1_doc_13_1141698862 1
273 0 msmarco_v2.1_doc_13_629476005 1
273 0 msmarco_v2.1_doc_13_632195841 1
273 0 msmarco_v2.1_doc_13_775213757 1
273 0 msmarco_v2.1_doc_14_1199351871 1
273 0 msmarco_v2.1_doc_14_1200261937 1
273 0 msmarco_v2.1_doc_14_699799061 1
273 0 msmarco_v2.1_doc_15_1677482275 1
273 0 msmarco_v2.1_doc_15_1787373608 1
273 0 msmarco_v2.1_doc_16_1547189421 1
273 0 msmarco_v2.1_doc_16_5344794 1
273 0 msmarco_v2.1_doc_17_3269819610 1
273 0 msmarco_v2.1_doc_17_371446315 1
273 0 msmarco_v2.1_doc_17_516925995 1
273 0 msmarco_v2.1_doc_17_644432465 1
273 0 msmarco_v2.1_doc_17_86522834 1
273 0 msmarco_v2.1_doc_18_1244426914 1
273 0 msmarco_v2.1_doc_18_1580316033 1
273 0 msmarco_v2.1_doc_18_2261538029 1
273 0 msmarco_v2.1_doc_18_3198877727 1
273 0 msmarco_v2.1_doc_18_484094740 1
273 0 msmarco_v2.1_doc_19_122236278 1
273 0 msmarco_v2.1_doc_20_1054383217 1
273 0 msmarco_v2.1_doc_20_1054589021 1
273 0 msmarco_v2.1_doc_20_1268851467 1
273 0 msmarco_v2.1_doc_20_1491572897 1
273 0 msmarco_v2.1_doc_22_1228133513 1
273 0 msmarco_v2.1_doc_22_1339922586 1
273 0 msmarco_v2.1_doc_22_275293776 1
273 0 msmarco_v2.1_doc_23_1354980518 1
273 0 msmarco_v2.1_doc_23_414705041 1
273 0 msmarco_v2.1_doc_24_1185320515 1
273 0 msmarco_v2.1_doc_24_1492796783 1
273 0 msmarco_v2.1_doc_24_329449307 1
273 0 msmarco_v2.1_doc_25_212642854 1
273 0 msmarco_v2.1_doc_25_572241697 1
273 0 msmarco_v2.1_doc_25_60094144 1
273 0 msmarco_v2.1_doc_26_1555436505 1
273 0 msmarco_v2.1_doc_26_1611587413 1
273 0 msmarco_v2.1_doc_26_1756610730 1
273 0 msmarco_v2.1_doc_26_798032785 1
273 0 msmarco_v2.1_doc_27_1194138607 1
273 0 msmarco_v2.1_doc_27_1202659333 1
273 0 msmarco_v2.1_doc_27_1214217460 1
273 0 msmarco_v2.1_doc_27_1239894022 1
273 0 msmarco_v2.1_doc_27_662227542 1
273 0 msmarco_v2.1_doc_28_1609681657 1
273 0 msmarco_v2.1_doc_28_396136620 1
273 0 msmarco_v2.1_doc_28_721232781 1
273 0 msmarco_v2.1_doc_28_956841980 1
273 0 msmarco_v2.1_doc_29_1029049196 1
273 0 msmarco_v2.1_doc_29_1357863677 1
273 0 msmarco_v2.1_doc_30_207055947 1
273 0 msmarco_v2.1_doc_31_1308399288 1
273 0 msmarco_v2.1_doc_31_291599941 1
273 0 msmarco_v2.1_doc_32_746564942 1
273 0 msmarco_v2.1_doc_32_789136688 1
273 0 msmarco_v2.1_doc_33_1326585846 1
273 0 msmarco_v2.1_doc_33_1343934737 1
273 0 msmarco_v2.1_doc_33_1345733287 1
273 0 msmarco_v2.1_doc_33_1365585574 1
273 0 msmarco_v2.1_doc_33_263343571 1
273 0 msmarco_v2.1_doc_33_335813445 1
273 0 msmarco_v2.1_doc_34_1565358372 1
273 0 msmarco_v2.1_doc_36_1604849824 1
273 0 msmarco_v2.1_doc_38_1567309217 1
273 0 msmarco_v2.1_doc_39_1540562635 1
273 0 msmarco_v2.1_doc_40_1211212651 1
273 0 msmarco_v2.1_doc_41_652914750 1
273 0 msmarco_v2.1_doc_41_662656952 1
273 0 msmarco_v2.1_doc_42_1190407115 1
273 0 msmarco_v2.1_doc_43_1338812799 1
273 0 msmarco_v2.1_doc_44_585922391 1
273 0 msmarco_v2.1_doc_44_647557944 1
273 0 msmarco_v2.1_doc_45_1038070630 1
273 0 msmarco_v2.1_doc_45_122710056 1
273 0 msmarco_v2.1_doc_45_739380056 1
273 0 msmarco_v2.1_doc_45_740943441 1
273 0 msmarco_v2.1_doc_45_914358303 1
273 0 msmarco_v2.1_doc_46_355944631 1
273 0 msmarco_v2.1_doc_47_354389928 1
273 0 msmarco_v2.1_doc_47_482183158 1
273 0 msmarco_v2.1_doc_47_610894340 1
273 0 msmarco_v2.1_doc_47_671333048 1
273 0 msmarco_v2.1_doc_48_1345032846 1
273 0 msmarco_v2.1_doc_50_1958377754 1
273 0 msmarco_v2.1_doc_50_2309959435 1
273 0 msmarco_v2.1_doc_51_1112125005 1
273 0 msmarco_v2.1_doc_51_1579911012 1
273 0 msmarco_v2.1_doc_51_169954469 1
273 0 msmarco_v2.1_doc_52_1650387209 1
273 0 msmarco_v2.1_doc_53_492439708 1
273 0 msmarco_v2.1_doc_53_497955065 1
273 0 msmarco_v2.1_doc_53_514689080 1
273 0 msmarco_v2.1_doc_54_1667822089 1
273 0 msmarco_v2.1_doc_54_483767215 1
273 0 msmarco_v2.1_doc_55_436311461 1
273 0 msmarco_v2.1_doc_56_1198594885 1
273 0 msmarco_v2.1_doc_56_119963341 1
273 0 msmarco_v2.1_doc_56_378055384 1
273 0 msmarco_v2.1_doc_56_443155238 1
273 0 msmarco_v2.1_doc_57_1077897181 1
273 0 msmarco_v2.1_doc_57_1277132480 1
273 0 msmarco_v2.1_doc_57_598143317 1
273 0 msmarco_v2.1_doc_57_63391516 1
273 0 msmarco_v2.1_doc_58_1226089136 1
273 0 msmarco_v2.1_doc_58_1226844392 1
273 0 msmarco_v2.1_doc_58_1231208415 1
273 0 msmarco_v2.1_doc_58_1233229411 1
273 0 msmarco_v2.1_doc_58_1233817669 1
273 0 msmarco_v2.1_doc_58_1251257086 1
273 0 msmarco_v2.1_doc_58_1257943941 1
273 0 msmarco_v2.1_doc_58_1262649359 1
273 0 msmarco_v2.1_doc_58_1263356024 1
273 0 msmarco_v2.1_doc_58_1263445358 1
273 0 msmarco_v2.1_doc_00_343567660 0
273 0 msmarco_v2.1_doc_02_1537364001 0
273 0 msmarco_v2.1_doc_02_391818682 0
273 0 msmarco_v2.1_doc_04_645142146 0
273 0 msmarco_v2.1_doc_05_1676850306 0
273 0 msmarco_v2.1_doc_10_1473496764 0
273 0 msmarco_v2.1_doc_10_240451019 0
273 0 msmarco_v2.1_doc_10_736282966 0
273 0 msmarco_v2.1_doc_13_630549178 0
273 0 msmarco_v2.1_doc_17_644541340 0
273 0 msmarco_v2.1_doc_21_1221146590 0
273 0 msmarco_v2.1_doc_26_1687012890 0
273 0 msmarco_v2.1_doc_27_1240580274 0
273 0 msmarco_v2.1_doc_27_1245095544 0
273 0 msmarco_v2.1_doc_30_403004152 0
273 0 msmarco_v2.1_doc_35_25623936 0
273 0 msmarco_v2.1_doc_38_1556561301 0
273 0 msmarco_v2.1_doc_38_1566780739 0
273 0 msmarco_v2.1_doc_38_1567635346 0
273 0 msmarco_v2.1_doc_44_600009072 0
273 0 msmarco_v2.1_doc_47_354420059 0
273 0 msmarco_v2.1_doc_47_999702756 0
273 0 msmarco_v2.1_doc_56_392415831 0
273 0 msmarco_v2.1_doc_57_145579027 0
273 0 msmarco_v2.1_doc_58_1245478913 0
300 0 msmarco_v2.1_doc_27_1199890571 4
300 0 msmarco_v2.1_doc_48_1098102262 4
300 0 msmarco_v2.1_doc_04_26167328 3
300 0 msmarco_v2.1_doc_05_273351023 3
300 0 msmarco_v2.1_doc_16_3087531970 3
300 0 msmarco_v2.1_doc_16_3088788129 3
300 0 msmarco_v2.1_doc_24_1639372253 3
300 0 msmarco_v2.1_doc_41_778499198 3
300 0 msmarco_v2.1_doc_00_752933718 2
300 0 msmarco_v2.1_doc_00_884037812 2
300 0 msmarco_v2.1_doc_01_240766422 2
300 0 msmarco_v2.1_doc_01_616687637 2
300 0 msmarco_v2.1_doc_02_1403632532 2
300 0 msmarco_v2.1_doc_05_273233690 2
300 0 msmarco_v2.1_doc_05_273244393 2
300 0 msmarco_v2.1_doc_05_273357251 2
300 0 msmarco_v2.1_doc_05_440662621 2
300 0 msmarco_v2.1_doc_06_734927776 2
300 0 msmarco_v2.1_doc_06_734976360 2
300 0 msmarco_v2.1_doc_06_745396312 2
300 0 msmarco_v2.1_doc_06_915173912 2
300 0 msmarco_v2.1_doc_07_1430201920 2
300 0 msmarco_v2.1_doc_07_634829568 2
300 0 msmarco_v2.1_doc_09_517418916 2
300 0 msmarco_v2.1_doc_10_1177088949 2
300 0 msmarco_v2.1_doc_10_1418372221 2
300 0 msmarco_v2.1_doc_10_230160451 2
300 0 msmarco_v2.1_doc_11_673207915 2
300 0 msmarco_v2.1_doc_13_1147171943 2
300 0 msmarco_v2.1_doc_14_1219187795 2
300 0 msmarco_v2.1_doc_15_1732539896 2
300 0 msmarco_v2.1_doc_16_3089008905 2
300 0 msmarco_v2.1_doc_17_1970716103 2
300 0 msmarco_v2.1_doc_18_1527932695 2
300 0 msmarco_v2.1_doc_21_41574816 2
300 0 msmarco_v2.1_doc_26_611135276 2
300 0 msmarco_v2.1_doc_28_269002964 2
300 0 msmarco_v2.1_doc_28_395395776 2
300 0 msmarco_v2.1_doc_29_1473610276 2
300 0 msmarco_v2.1_doc_32_339797706 2
300 0 msmarco_v2.1_doc_32_339825161 2
300 0 msmarco_v2.1_doc_34_776607 2
300 0 msmarco_v2.1_doc_35_1311999991 2
300 0 msmarco_v2.1_doc_36_614013601 2
300 0 msmarco_v2.1_doc_37_1395146342 2
300 0 msmarco_v2.1_doc_41_655705650 2
300 0 msmarco_v2.1_doc_44_118002874 2
300 0 msmarco_v2.1_doc_44_949722146 2
300 0 msmarco_v2.1_doc_45_758997647 2
300 0 msmarco_v2.1_doc_47_1432633292 2
300 0 msmarco_v2.1_doc_48_1098237400 2
300 0 msmarco_v2.1_doc_51_1478925214 2
300 0 msmarco_v2.1_doc_51_349242312 2
300 0 msmarco_v2.1_doc_52_56246780 2
300 0 msmarco_v2.1_doc_56_311914721 2
300 0 msmarco_v2.1_doc_56_467954385 2
300 0 msmarco_v2.1_doc_57_1087278301 2
300 0 msmarco_v2.1_doc_58_1304955005 2
300 0 msmarco_v2.1_doc_58_1346038025 2
300 0 msmarco_v2.1_doc_00_1025916387 1
300 0 msmarco_v2.1_doc_00_1066325936 1
300 0 msmarco_v2.1_doc_00_1173804693 1
300 0 msmarco_v2.1_doc_00_1456343715 1
300 0 msmarco_v2.1_doc_01_1039081146 1
300 0 msmarco_v2.1_doc_01_1163493880 1
300 0 msmarco_v2.1_doc_01_616661096 1
300 0 msmarco_v2.1_doc_01_617719292 1
300 0 msmarco_v2.1_doc_02_1490924622 1
300 0 msmarco_v2.1_doc_02_521748917 1
300 0 msmarco_v2.1_doc_02_580540855 1
300 0 msmarco_v2.1_doc_02_966689403 1
300 0 msmarco_v2.1_doc_03_1503033794 1
300 0 msmarco_v2.1_doc_03_367152882 1
300 0 msmarco_v2.1_doc_04_1216836685 1
300 0 msmarco_v2.1_doc_04_231676529 1
300 0 msmarco_v2.1_doc_04_4079414 1
300 0 msmarco_v2.1_doc_05_1067821488 1
300 0 msmarco_v2.1_doc_05_1777276469 1
300 0 msmarco_v2.1_doc_05_271615969 1
300 0 msmarco_v2.1_doc_05_271680143 1
300 0 msmarco_v2.1_doc_05_273361538 1
300 0 msmarco_v2.1_doc_05_306859542 1
300 0 msmarco_v2.1_doc_05_485706207 1
300 0 msmarco_v2.1_doc_06_10963405 1
300 0 msmarco_v2.1_doc_06_1894905550 1
300 0 msmarco_v2.1_doc_06_35745702 1
300 0 msmarco_v2.1_doc_07_767339815 1
300 0 msmarco_v2.1_doc_07_816396150 1
300 0 msmarco_v2.1_doc_07_863027673 1
300 0 msmarco_v2.1_doc_07_953446198 1
300 0 msmarco_v2.1_doc_07_954278105 1
300 0 msmarco_v2.1_doc_08_187403164 1
300 0 msmarco_v2.1_doc_08_464692623 1
300 0 msmarco_v2.1_doc_09_1225131215 1
300 0 msmarco_v2.1_doc_09_1718058568 1
300 0 msmarco_v2.1_doc_09_276258032 1
300 0 msmarco_v2.1_doc_09_517549475 1
300 0 msmarco_v2.1_doc_10_1404871229 1
300 0 msmarco_v2.1_doc_10_230293546 1
300 0 msmarco_v2.1_doc_10_255151044 1
300 0 msmarco_v2.1_doc_11_272417747 1
300 0 msmarco_v2.1_doc_12_911652606 1
300 0 msmarco_v2.1_doc_13_1648747117 1
300 0 msmarco_v2.1_doc_13_417031947 1
300 0 msmarco_v2.1_doc_14_1494318584 1
300 0 msmarco_v2.1_doc_14_451442966 1
300 0 msmarco_v2.1_doc_16_1753349379 1
300 0 msmarco_v2.1_doc_16_19290045 1
300 0 msmarco_v2.1_doc_16_2752506073 1
300 0 msmarco_v2.1_doc_16_2753185534 1
300 0 msmarco_v2.1_doc_16_3087352975 1
300 0 msmarco_v2.1_doc_16_3088947945 1
300 0 msmarco_v2.1_doc_16_3094597185 1
300 0 msmarco_v2.1_doc_17_1301239231 1
300 0 msmarco_v2.1_doc_17_374234740 1
300 0 msmarco_v2.1_doc_17_912690925 1
300 0 msmarco_v2.1_doc_18_1187903882 1
300 0 msmarco_v2.1_doc_18_2658208315 1
300 0 msmarco_v2.1_doc_19_1046042606 1
300 0 msmarco_v2.1_doc_19_1443573871 1
300 0 msmarco_v2.1_doc_20_1589269311 1
300 0 msmarco_v2.1_doc_20_1590335576 1
300 0 msmarco_v2.1_doc_25_1658344151 1
300 0 msmarco_v2.1_doc_25_530695240 1
300 0 msmarco_v2.1_doc_26_1686655217 1
300 0 msmarco_v2.1_doc_26_44107942 1
300 0 msmarco_v2.1_doc_28_416899058 1
300 0 msmarco_v2.1_doc_30_1520576987 1
300 0 msmarco_v2.1_doc_32_339853899 1
300 0 msmarco_v2.1_doc_35_31228638 1
300 0 msmarco_v2.1_doc_35_481964696 1
300 0 msmarco_v2.1_doc_35_817746915 1
300 0 msmarco_v2.1_doc_36_1329708268 1
300 0 msmarco_v2.1_doc_36_1332552818 1
300 0 msmarco_v2.1_doc_36_614651638 1
300 0 msmarco_v2.1_doc_37_1349429797 1
300 0 msmarco_v2.1_doc_37_641957266 1
300 0 msmarco_v2.1_doc_38_1351672222 1
300 0 msmarco_v2.1_doc_40_1120100687 1
300 0 msmarco_v2.1_doc_40_1596421061 1
300 0 msmarco_v2.1_doc_43_110655284 1
300 0 msmarco_v2.1_doc_43_512681996 1
300 0 msmarco_v2.1_doc_44_949681827 1
300 0 msmarco_v2.1_doc_44_949728005 1
300 0 msmarco_v2.1_doc_44_949751548 1
300 0 msmarco_v2.1_doc_45_627968589 1
300 0 msmarco_v2.1_doc_48_1098012319 1
300 0 msmarco_v2.1_doc_48_1104882374 1
300 0 msmarco_v2.1_doc_48_1306300775 1
300 0 msmarco_v2.1_doc_51_1815359332 1
300 0 msmarco_v2.1_doc_51_597518818 1
300 0 msmarco_v2.1_doc_53_608487509 1
300 0 msmarco_v2.1_doc_53_67261265 1
300 0 msmarco_v2.1_doc_54_1284056538 1
300 0 msmarco_v2.1_doc_54_1285577210 1
300 0 msmarco_v2.1_doc_54_1286006611 1
300 0 msmarco_v2.1_doc_54_1286193683 1
300 0 msmarco_v2.1_doc_54_287074093 1
300 0 msmarco_v2.1_doc_55_296992409 1
300 0 msmarco_v2.1_doc_57_1085014646 1
300 0 msmarco_v2.1_doc_57_1086996837 1
300 0 msmarco_v2.1_doc_57_1087633709 1
300 0 msmarco_v2.1_doc_57_786917777 1
300 0 msmarco_v2.1_doc_58_1304328653 1
300 0 msmarco_v2.1_doc_58_1345910957 1
300 0 msmarco_v2.1_doc_58_1387328948 1
300 0 msmarco_v2.1_doc_00_1066305611 0
300 0 msmarco_v2.1_doc_01_1494130258 0
300 0 msmarco_v2.1_doc_01_792488356 0
300 0 msmarco_v2.1_doc_01_959646924 0
300 0 msmarco_v2.1_doc_02_1370442998 0
300 0 msmarco_v2.1_doc_02_1403623886 0
300 0 msmarco_v2.1_doc_02_575267415 0
300 0 msmarco_v2.1_doc_03_335307653 0
300 0 msmarco_v2.1_doc_03_359631633 0
300 0 msmarco_v2.1_doc_04_608897054 0
300 0 msmarco_v2.1_doc_04_848315360 0
300 0 msmarco_v2.1_doc_05_1256728266 0
300 0 msmarco_v2.1_doc_05_1607003252 0
300 0 msmarco_v2.1_doc_05_273247636 0
300 0 msmarco_v2.1_doc_05_519184789 0
300 0 msmarco_v2.1_doc_06_731387863 0
300 0 msmarco_v2.1_doc_06_731409235 0
300 0 msmarco_v2.1_doc_06_733271074 0
300 0 msmarco_v2.1_doc_06_734103085 0
300 0 msmarco_v2.1_doc_06_745043428 0
300 0 msmarco_v2.1_doc_06_75382670 0
300 0 msmarco_v2.1_doc_07_1195477670 0
300 0 msmarco_v2.1_doc_07_654884798 0
300 0 msmarco_v2.1_doc_09_1022811199 0
300 0 msmarco_v2.1_doc_09_1787952392 0
300 0 msmarco_v2.1_doc_09_1793737092 0
300 0 msmarco_v2.1_doc_09_917985346 0
300 0 msmarco_v2.1_doc_10_1407972729 0
300 0 msmarco_v2.1_doc_10_1435288651 0
300 0 msmarco_v2.1_doc_10_230184952 0
300 0 msmarco_v2.1_doc_13_1122589096 0
300 0 msmarco_v2.1_doc_13_203850020 0
300 0 msmarco_v2.1_doc_13_416924714 0
300 0 msmarco_v2.1_doc_13_699192563 0
300 0 msmarco_v2.1_doc_14_1030096763 0
300 0 msmarco_v2.1_doc_14_1030106456 0
300 0 msmarco_v2.1_doc_14_451093600 0
300 0 msmarco_v2.1_doc_14_451699244 0
300 0 msmarco_v2.1_doc_15_586441491 0
300 0 msmarco_v2.1_doc_16_1825261082 0
300 0 msmarco_v2.1_doc_17_1180012739 0
300 0 msmarco_v2.1_doc_18_1186051167 0
300 0 msmarco_v2.1_doc_18_484784270 0
300 0 msmarco_v2.1_doc_19_1030495788 0
300 0 msmarco_v2.1_doc_19_1126836077 0
300 0 msmarco_v2.1_doc_20_1267853223 0
300 0 msmarco_v2.1_doc_26_1565124334 0
300 0 msmarco_v2.1_doc_26_1626944460 0
300 0 msmarco_v2.1_doc_26_611029225 0
300 0 msmarco_v2.1_doc_27_1145645673 0
300 0 msmarco_v2.1_doc_28_417249491 0
300 0 msmarco_v2.1_doc_30_1553179182 0
300 0 msmarco_v2.1_doc_31_495522939 0
300 0 msmarco_v2.1_doc_31_828030550 0
300 0 msmarco_v2.1_doc_33_186468654 0
300 0 msmarco_v2.1_doc_33_762151014 0
300 0 msmarco_v2.1_doc_34_800117016 0
300 0 msmarco_v2.1_doc_35_65572277 0
300 0 msmarco_v2.1_doc_36_1328956347 0
300 0 msmarco_v2.1_doc_36_1484150396 0
300 0 msmarco_v2.1_doc_38_1567276993 0
300 0 msmarco_v2.1_doc_39_186620492 0
300 0 msmarco_v2.1_doc_40_1079262028 0
300 0 msmarco_v2.1_doc_40_1209982974 0
300 0 msmarco_v2.1_doc_41_1933188585 0
300 0 msmarco_v2.1_doc_41_1957367254 0
300 0 msmarco_v2.1_doc_41_573873707 0
300 0 msmarco_v2.1_doc_41_651427400 0
300 0 msmarco_v2.1_doc_44_1118381583 0
300 0 msmarco_v2.1_doc_45_1022770969 0
300 0 msmarco_v2.1_doc_45_373131387 0
300 0 msmarco_v2.1_doc_45_915442760 0
300 0 msmarco_v2.1_doc_47_1386742585 0
300 0 msmarco_v2.1_doc_47_1426342634 0
300 0 msmarco_v2.1_doc_47_1434257250 0
300 0 msmarco_v2.1_doc_48_1097459171 0
300 0 msmarco_v2.1_doc_48_522641241 0
300 0 msmarco_v2.1_doc_50_2003174037 0
300 0 msmarco_v2.1_doc_50_2014040154 0
300 0 msmarco_v2.1_doc_50_747006825 0
300 0 msmarco_v2.1_doc_51_1477142578 0
300 0 msmarco_v2.1_doc_54_1283752785 0
300 0 msmarco_v2.1_doc_54_1285676933 0
300 0 msmarco_v2.1_doc_56_374629245 0
300 0 msmarco_v2.1_doc_57_1085849233 0
300 0 msmarco_v2.1_doc_58_661652685 0
407 0 msmarco_v2.1_doc_40_1254491594 4
407 0 msmarco_v2.1_doc_12_239757846 3
407 0 msmarco_v2.1_doc_16_2026843159 3
407 0 msmarco_v2.1_doc_27_607815822 3
407 0 msmarco_v2.1_doc_02_388698291 2
407 0 msmarco_v2.1_doc_13_308229349 2
407 0 msmarco_v2.1_doc_13_353530881 2
407 0 msmarco_v2.1_doc_19_1692481640 2
407 0 msmarco_v2.1_doc_21_1380300100 2
407 0 msmarco_v2.1_doc_22_1178942883 2
407 0 msmarco_v2.1_doc_23_1277629422 2
407 0 msmarco_v2.1_doc_23_1455746313 2
407 0 msmarco_v2.1_doc_23_1455826239 2
407 0 msmarco_v2.1_doc_24_964808522 2
407 0 msmarco_v2.1_doc_25_1494589605 2
407 0 msmarco_v2.1_doc_32_106162762 2
407 0 msmarco_v2.1_doc_32_631550283 2
407 0 msmarco_v2.1_doc_38_1542621227 2
407 0 msmarco_v2.1_doc_43_309082592 2
407 0 msmarco_v2.1_doc_45_1267437969 2
407 0 msmarco_v2.1_doc_45_471018612 2
407 0 msmarco_v2.1_doc_48_877659089 2
407 0 msmarco_v2.1_doc_51_18667013 2
407 0 msmarco_v2.1_doc_51_19544703 2
407 0 msmarco_v2.1_doc_57_166778765 2
407 0 msmarco_v2.1_doc_01_1908819452 1
407 0 msmarco_v2.1_doc_05_655270200 1
407 0 msmarco_v2.1_doc_06_1755878885 1
407 0 msmarco_v2.1_doc_06_736071068 1
407 0 msmarco_v2.1_doc_09_806800472 1
407 0 msmarco_v2.1_doc_12_239911459 1
407 0 msmarco_v2.1_doc_12_524762753 1
407 0 msmarco_v2.1_doc_13_772290 1
407 0 msmarco_v2.1_doc_14_881514286 1
407 0 msmarco_v2.1_doc_16_2714067878 1
407 0 msmarco_v2.1_doc_17_1365619913 1
407 0 msmarco_v2.1_doc_18_1361974217 1
407 0 msmarco_v2.1_doc_20_1511402237 1
407 0 msmarco_v2.1_doc_25_160572219 1
407 0 msmarco_v2.1_doc_25_251989990 1
407 0 msmarco_v2.1_doc_25_66236942 1
407 0 msmarco_v2.1_doc_26_463769397 1
407 0 msmarco_v2.1_doc_27_1104677087 1
407 0 msmarco_v2.1_doc_27_1578125271 1
407 0 msmarco_v2.1_doc_28_567607249 1
407 0 msmarco_v2.1_doc_32_345691621 1
407 0 msmarco_v2.1_doc_33_1261653951 1
407 0 msmarco_v2.1_doc_33_236208180 1
407 0 msmarco_v2.1_doc_34_988001405 1
407 0 msmarco_v2.1_doc_37_194596475 1
407 0 msmarco_v2.1_doc_37_194653225 1
407 0 msmarco_v2.1_doc_40_1145083914 1
407 0 msmarco_v2.1_doc_40_138126238 1
407 0 msmarco_v2.1_doc_40_991353811 1
407 0 msmarco_v2.1_doc_42_145908359 1
407 0 msmarco_v2.1_doc_44_460092013 1
407 0 msmarco_v2.1_doc_44_555697401 1
407 0 msmarco_v2.1_doc_46_373021142 1
407 0 msmarco_v2.1_doc_46_450303482 1
407 0 msmarco_v2.1_doc_46_654290162 1
407 0 msmarco_v2.1_doc_48_650021280 1
407 0 msmarco_v2.1_doc_55_21037646 1
407 0 msmarco_v2.1_doc_55_232321446 1
407 0 msmarco_v2.1_doc_55_232476498 1
407 0 msmarco_v2.1_doc_55_662605245 1
407 0 msmarco_v2.1_doc_57_160805380 1
407 0 msmarco_v2.1_doc_57_624194441 1
407 0 msmarco_v2.1_doc_00_1282141703 0
407 0 msmarco_v2.1_doc_00_1289385530 0
407 0 msmarco_v2.1_doc_00_144890191 0
407 0 msmarco_v2.1_doc_00_358309278 0
407 0 msmarco_v2.1_doc_00_573149077 0
407 0 msmarco_v2.1_doc_01_1913133873 0
407 0 msmarco_v2.1_doc_02_1034966907 0
407 0 msmarco_v2.1_doc_02_1218910430 0
407 0 msmarco_v2.1_doc_02_387615993 0
407 0 msmarco_v2.1_doc_02_564819693 0
407 0 msmarco_v2.1_doc_04_356687666 0
407 0 msmarco_v2.1_doc_04_659427257 0
407 0 msmarco_v2.1_doc_04_887068084 0
407 0 msmarco_v2.1_doc_05_1409141190 0
407 0 msmarco_v2.1_doc_05_1742085192 0
407 0 msmarco_v2.1_doc_06_1638328880 0
407 0 msmarco_v2.1_doc_06_31795244 0
407 0 msmarco_v2.1_doc_06_505911944 0
407 0 msmarco_v2.1_doc_06_624104182 0
407 0 msmarco_v2.1_doc_06_735922873 0
407 0 msmarco_v2.1_doc_06_736118799 0
407 0 msmarco_v2.1_doc_06_865881700 0
407 0 msmarco_v2.1_doc_07_1013301975 0
407 0 msmarco_v2.1_doc_07_1013329656 0
407 0 msmarco_v2.1_doc_07_1013386664 0
407 0 msmarco_v2.1_doc_07_1217389202 0
407 0 msmarco_v2.1_doc_07_1515039690 0
407 0 msmarco_v2.1_doc_07_379579365 0
407 0 msmarco_v2.1_doc_07_380153444 0
407 0 msmarco_v2.1_doc_07_387224147 0
407 0 msmarco_v2.1_doc_07_409283647 0
407 0 msmarco_v2.1_doc_08_103901712 0
407 0 msmarco_v2.1_doc_08_1219661546 0
407 0 msmarco_v2.1_doc_08_1249912379 0
407 0 msmarco_v2.1_doc_08_53533670 0
407 0 msmarco_v2.1_doc_08_689724641 0
407 0 msmarco_v2.1_doc_08_983133528 0
407 0 msmarco_v2.1_doc_09_1755380979 0
407 0 msmarco_v2.1_doc_10_3191349 0
407 0 msmarco_v2.1_doc_11_646961946 0
407 0 msmarco_v2.1_doc_11_648626295 0
407 0 msmarco_v2.1_doc_11_649913010 0
407 0 msmarco_v2.1_doc_11_651513671 0
407 0 msmarco_v2.1_doc_11_651522012 0
407 0 msmarco_v2.1_doc_11_651802721 0
407 0 msmarco_v2.1_doc_11_656157061 0
407 0 msmarco_v2.1_doc_12_1128487430 0
407 0 msmarco_v2.1_doc_12_259627602 0
407 0 msmarco_v2.1_doc_13_1633084595 0
407 0 msmarco_v2.1_doc_14_310236400 0
407 0 msmarco_v2.1_doc_14_595976100 0
407 0 msmarco_v2.1_doc_14_943287835 0
407 0 msmarco_v2.1_doc_16_1545551972 0
407 0 msmarco_v2.1_doc_16_2621364678 0
407 0 msmarco_v2.1_doc_16_373558611 0
407 0 msmarco_v2.1_doc_17_1084940020 0
407 0 msmarco_v2.1_doc_17_1085022590 0
407 0 msmarco_v2.1_doc_17_1700437610 0
407 0 msmarco_v2.1_doc_17_1743803074 0
407 0 msmarco_v2.1_doc_17_378317614 0
407 0 msmarco_v2.1_doc_17_634339422 0
407 0 msmarco_v2.1_doc_18_1563830592 0
407 0 msmarco_v2.1_doc_18_1563947442 0
407 0 msmarco_v2.1_doc_18_2379676646 0
407 0 msmarco_v2.1_doc_18_3011968951 0
407 0 msmarco_v2.1_doc_19_1033037418 0
407 0 msmarco_v2.1_doc_19_1110742833 0
407 0 msmarco_v2.1_doc_19_1309202659 0
407 0 msmarco_v2.1_doc_19_1914790988 0
407 0 msmarco_v2.1_doc_20_1491417312 0
407 0 msmarco_v2.1_doc_20_445192025 0
407 0 msmarco_v2.1_doc_20_480644560 0
407 0 msmarco_v2.1_doc_20_599786872 0
407 0 msmarco_v2.1_doc_21_1359456930 0
407 0 msmarco_v2.1_doc_21_1409991305 0
407 0 msmarco_v2.1_doc_21_15064378 0
407 0 msmarco_v2.1_doc_21_86867610 0
407 0 msmarco_v2.1_doc_22_1126367887 0
407 0 msmarco_v2.1_doc_22_1136177436 0
407 0 msmarco_v2.1_doc_22_1175367735 0
407 0 msmarco_v2.1_doc_22_268182518 0
407 0 msmarco_v2.1_doc_22_634505563 0
407 0 msmarco_v2.1_doc_22_770609450 0
407 0 msmarco_v2.1_doc_23_661588487 0
407 0 msmarco_v2.1_doc_23_808312550 0
407 0 msmarco_v2.1_doc_25_251853555 0
407 0 msmarco_v2.1_doc_25_956558503 0
407 0 msmarco_v2.1_doc_26_1319954024 0
407 0 msmarco_v2.1_doc_26_207137833 0
407 0 msmarco_v2.1_doc_26_462207753 0
407 0 msmarco_v2.1_doc_26_650376824 0
407 0 msmarco_v2.1_doc_27_1578615299 0
407 0 msmarco_v2.1_doc_27_1581496126 0
407 0 msmarco_v2.1_doc_27_31483388 0
407 0 msmarco_v2.1_doc_27_607252492 0
407 0 msmarco_v2.1_doc_28_118082498 0
407 0 msmarco_v2.1_doc_28_1661172236 0
407 0 msmarco_v2.1_doc_28_1676164919 0
407 0 msmarco_v2.1_doc_30_1444616422 0
407 0 msmarco_v2.1_doc_30_875605934 0
407 0 msmarco_v2.1_doc_30_876218425 0
407 0 msmarco_v2.1_doc_30_891108311 0
407 0 msmarco_v2.1_doc_31_1308854727 0
407 0 msmarco_v2.1_doc_31_247422575 0
407 0 msmarco_v2.1_doc_32_339925569 0
407 0 msmarco_v2.1_doc_33_1275728826 0
407 0 msmarco_v2.1_doc_33_1451020997 0
407 0 msmarco_v2.1_doc_33_299598625 0
407 0 msmarco_v2.1_doc_34_1325001937 0
407 0 msmarco_v2.1_doc_34_39545987 0
407 0 msmarco_v2.1_doc_34_747858589 0
407 0 msmarco_v2.1_doc_35_275551372 0
407 0 msmarco_v2.1_doc_35_524757589 0
407 0 msmarco_v2.1_doc_36_105690735 0
407 0 msmarco_v2.1_doc_36_760426964 0
407 0 msmarco_v2.1_doc_37_221870952 0
407 0 msmarco_v2.1_doc_37_330387729 0
407 0 msmarco_v2.1_doc_38_1568072366 0
407 0 msmarco_v2.1_doc_38_1568548113 0
407 0 msmarco_v2.1_doc_39_620048111 0
407 0 msmarco_v2.1_doc_39_638190577 0
407 0 msmarco_v2.1_doc_40_1075657649 0
407 0 msmarco_v2.1_doc_40_1106734662 0
407 0 msmarco_v2.1_doc_40_1116529981 0
407 0 msmarco_v2.1_doc_40_1116535203 0
407 0 msmarco_v2.1_doc_40_1121382714 0
407 0 msmarco_v2.1_doc_40_1254098742 0
407 0 msmarco_v2.1_doc_40_547549720 0
407 0 msmarco_v2.1_doc_40_957093400 0
407 0 msmarco_v2.1_doc_40_962960336 0
407 0 msmarco_v2.1_doc_40_975391077 0
407 0 msmarco_v2.1_doc_40_979438518 0
407 0 msmarco_v2.1_doc_40_981828529 0
407 0 msmarco_v2.1_doc_40_985360644 0
407 0 msmarco_v2.1_doc_40_986910872 0
407 0 msmarco_v2.1_doc_40_987968835 0
407 0 msmarco_v2.1_doc_40_988222145 0
407 0 msmarco_v2.1_doc_40_988781138 0
407 0 msmarco_v2.1_doc_42_1564108696 0
407 0 msmarco_v2.1_doc_42_173683603 0
407 0 msmarco_v2.1_doc_42_273648417 0
407 0 msmarco_v2.1_doc_42_274461869 0
407 0 msmarco_v2.1_doc_42_274981497 0
407 0 msmarco_v2.1_doc_43_289160009 0
407 0 msmarco_v2.1_doc_43_289239100 0
407 0 msmarco_v2.1_doc_43_290334276 0
407 0 msmarco_v2.1_doc_43_290424478 0
407 0 msmarco_v2.1_doc_43_290451459 0
407 0 msmarco_v2.1_doc_43_290627565 0
407 0 msmarco_v2.1_doc_43_299290546 0
407 0 msmarco_v2.1_doc_43_300878396 0
407 0 msmarco_v2.1_doc_43_353538991 0
407 0 msmarco_v2.1_doc_44_459244625 0
407 0 msmarco_v2.1_doc_44_460788754 0
407 0 msmarco_v2.1_doc_44_461540402 0
407 0 msmarco_v2.1_doc_44_461624164 0
407 0 msmarco_v2.1_doc_44_461940501 0
407 0 msmarco_v2.1_doc_44_524553545 0
407 0 msmarco_v2.1_doc_44_524896712 0
407 0 msmarco_v2.1_doc_44_528931188 0
407 0 msmarco_v2.1_doc_44_538591266 0
407 0 msmarco_v2.1_doc_44_591551899 0
407 0 msmarco_v2.1_doc_45_1221430329 0
407 0 msmarco_v2.1_doc_45_245418673 0
407 0 msmarco_v2.1_doc_46_1104788854 0
407 0 msmarco_v2.1_doc_46_446221021 0
407 0 msmarco_v2.1_doc_46_447374502 0
407 0 msmarco_v2.1_doc_46_447495598 0
407 0 msmarco_v2.1_doc_47_1198312614 0
407 0 msmarco_v2.1_doc_47_1281508078 0
407 0 msmarco_v2.1_doc_47_573930198 0
407 0 msmarco_v2.1_doc_47_773973583 0
407 0 msmarco_v2.1_doc_48_1098425693 0
407 0 msmarco_v2.1_doc_48_385154446 0
407 0 msmarco_v2.1_doc_48_650010708 0
407 0 msmarco_v2.1_doc_48_650029073 0
407 0 msmarco_v2.1_doc_48_887071016 0
407 0 msmarco_v2.1_doc_48_887201500 0
407 0 msmarco_v2.1_doc_48_887983033 0
407 0 msmarco_v2.1_doc_48_888224000 0
407 0 msmarco_v2.1_doc_48_888886322 0
407 0 msmarco_v2.1_doc_49_1239120696 0
407 0 msmarco_v2.1_doc_50_1102093428 0
407 0 msmarco_v2.1_doc_50_1296604270 0
407 0 msmarco_v2.1_doc_50_1499242918 0
407 0 msmarco_v2.1_doc_50_1737000728 0
407 0 msmarco_v2.1_doc_50_2240290976 0
407 0 msmarco_v2.1_doc_51_1124154361 0
407 0 msmarco_v2.1_doc_51_356845952 0
407 0 msmarco_v2.1_doc_51_943155531 0
407 0 msmarco_v2.1_doc_51_944741878 0
407 0 msmarco_v2.1_doc_52_587178991 0
407 0 msmarco_v2.1_doc_53_379774014 0
407 0 msmarco_v2.1_doc_54_1652238322 0
407 0 msmarco_v2.1_doc_54_285158903 0
407 0 msmarco_v2.1_doc_54_297656242 0
407 0 msmarco_v2.1_doc_55_650670057 0
407 0 msmarco_v2.1_doc_56_366473152 0
407 0 msmarco_v2.1_doc_56_815407086 0
407 0 msmarco_v2.1_doc_57_1085299292 0
407 0 msmarco_v2.1_doc_57_1095646791 0
407 0 msmarco_v2.1_doc_58_1269285865 0
407 0 msmarco_v2.1_doc_58_1370017639 0
407 0 msmarco_v2.1_doc_59_433578824 0
407 0 msmarco_v2.1_doc_59_433796610 0
407 0 msmarco_v2.1_doc_59_615914781 0
477 0 msmarco_v2.1_doc_18_1430089698 4
477 0 msmarco_v2.1_doc_18_1434363449 4
477 0 msmarco_v2.1_doc_19_1540106661 4
477 0 msmarco_v2.1_doc_00_74900107 3
477 0 msmarco_v2.1_doc_02_1109750839 3
477 0 msmarco_v2.1_doc_03_414835575 3
477 0 msmarco_v2.1_doc_18_1431171823 3
477 0 msmarco_v2.1_doc_26_101662333 3
477 0 msmarco_v2.1_doc_35_37731714 3
477 0 msmarco_v2.1_doc_55_404863558 3
477 0 msmarco_v2.1_doc_02_1555331330 2
477 0 msmarco_v2.1_doc_02_1632450217 2
477 0 msmarco_v2.1_doc_02_770179716 2
477 0 msmarco_v2.1_doc_02_987632451 2
477 0 msmarco_v2.1_doc_09_1631372527 2
477 0 msmarco_v2.1_doc_12_10634911 2
477 0 msmarco_v2.1_doc_14_1163054613 2
477 0 msmarco_v2.1_doc_14_1212884412 2
477 0 msmarco_v2.1_doc_14_1237589627 2
477 0 msmarco_v2.1_doc_14_1378869841 2
477 0 msmarco_v2.1_doc_16_1029593653 2
477 0 msmarco_v2.1_doc_18_1430784245 2
477 0 msmarco_v2.1_doc_18_1430853351 2
477 0 msmarco_v2.1_doc_18_1435450273 2
477 0 msmarco_v2.1_doc_18_1928659490 2
477 0 msmarco_v2.1_doc_19_1690338473 2
477 0 msmarco_v2.1_doc_20_1288100668 2
477 0 msmarco_v2.1_doc_25_253569571 2
477 0 msmarco_v2.1_doc_25_331510004 2
477 0 msmarco_v2.1_doc_25_69286339 2
477 0 msmarco_v2.1_doc_25_931241298 2
477 0 msmarco_v2.1_doc_26_1284035598 2
477 0 msmarco_v2.1_doc_27_1174410992 2
477 0 msmarco_v2.1_doc_27_1214297155 2
477 0 msmarco_v2.1_doc_28_662428677 2
477 0 msmarco_v2.1_doc_32_1586213727 2
477 0 msmarco_v2.1_doc_33_1335630783 2
477 0 msmarco_v2.1_doc_33_1344601990 2
477 0 msmarco_v2.1_doc_35_24158172 2
477 0 msmarco_v2.1_doc_43_309711604 2
477 0 msmarco_v2.1_doc_45_1035041440 2
477 0 msmarco_v2.1_doc_45_1195108968 2
477 0 msmarco_v2.1_doc_45_1198208449 2
477 0 msmarco_v2.1_doc_49_292200243 2
477 0 msmarco_v2.1_doc_50_2007216693 2
477 0 msmarco_v2.1_doc_50_485856493 2
477 0 msmarco_v2.1_doc_52_58122669 2
477 0 msmarco_v2.1_doc_52_655944500 2
477 0 msmarco_v2.1_doc_53_494161247 2
477 0 msmarco_v2.1_doc_00_209708000 1
477 0 msmarco_v2.1_doc_00_344890138 1
477 0 msmarco_v2.1_doc_00_738671753 1
477 0 msmarco_v2.1_doc_01_1818523551 1
477 0 msmarco_v2.1_doc_01_440950892 1
477 0 msmarco_v2.1_doc_02_1109993302 1
477 0 msmarco_v2.1_doc_02_1457094837 1
477 0 msmarco_v2.1_doc_02_1632624658 1
477 0 msmarco_v2.1_doc_02_682151496 1
477 0 msmarco_v2.1_doc_05_1608001292 1
477 0 msmarco_v2.1_doc_05_1614806522 1
477 0 msmarco_v2.1_doc_05_1845178447 1
477 0 msmarco_v2.1_doc_06_1492169594 1
477 0 msmarco_v2.1_doc_06_608204598 1
477 0 msmarco_v2.1_doc_08_1428494959 1
477 0 msmarco_v2.1_doc_08_465896325 1
477 0 msmarco_v2.1_doc_08_732355876 1
477 0 msmarco_v2.1_doc_08_832532730 1
477 0 msmarco_v2.1_doc_08_983081027 1
477 0 msmarco_v2.1_doc_08_994486716 1
477 0 msmarco_v2.1_doc_09_1477512646 1
477 0 msmarco_v2.1_doc_09_545154828 1
477 0 msmarco_v2.1_doc_09_603926115 1
477 0 msmarco_v2.1_doc_09_613718769 1
477 0 msmarco_v2.1_doc_09_911768287 1
477 0 msmarco_v2.1_doc_10_1463357997 1
477 0 msmarco_v2.1_doc_11_1005635294 1
477 0 msmarco_v2.1_doc_11_551421038 1
477 0 msmarco_v2.1_doc_12_10629396 1
477 0 msmarco_v2.1_doc_12_6638208 1
477 0 msmarco_v2.1_doc_13_1101163993 1
477 0 msmarco_v2.1_doc_13_1592072847 1
477 0 msmarco_v2.1_doc_13_55786047 1
477 0 msmarco_v2.1_doc_13_599936578 1
477 0 msmarco_v2.1_doc_14_1157535031 1
477 0 msmarco_v2.1_doc_14_1164354198 1
477 0 msmarco_v2.1_doc_14_1174324817 1
477 0 msmarco_v2.1_doc_14_1239777767 1
477 0 msmarco_v2.1_doc_14_1261625761 1
477 0 msmarco_v2.1_doc_14_1458358510 1
477 0 msmarco_v2.1_doc_15_1783192696 1
477 0 msmarco_v2.1_doc_15_709262160 1
477 0 msmarco_v2.1_doc_16_1554633267 1
477 0 msmarco_v2.1_doc_16_16867705 1
477 0 msmarco_v2.1_doc_16_1763284775 1
477 0 msmarco_v2.1_doc_16_2351593434 1
477 0 msmarco_v2.1_doc_16_3321549361 1
477 0 msmarco_v2.1_doc_16_474267145 1
477 0 msmarco_v2.1_doc_16_784312584 1
477 0 msmarco_v2.1_doc_17_590422113 1
477 0 msmarco_v2.1_doc_18_1430045771 1
477 0 msmarco_v2.1_doc_18_1430926145 1
477 0 msmarco_v2.1_doc_18_1431056550 1
477 0 msmarco_v2.1_doc_18_1431502567 1
477 0 msmarco_v2.1_doc_18_1431596047 1
477 0 msmarco_v2.1_doc_18_1434581574 1
477 0 msmarco_v2.1_doc_18_1434682693 1
477 0 msmarco_v2.1_doc_18_1435487252 1
477 0 msmarco_v2.1_doc_18_1436029169 1
477 0 msmarco_v2.1_doc_18_2502917347 1
477 0 msmarco_v2.1_doc_18_346532905 1
477 0 msmarco_v2.1_doc_18_928250940 1
477 0 msmarco_v2.1_doc_19_1127053423 1
477 0 msmarco_v2.1_doc_19_1775860697 1
477 0 msmarco_v2.1_doc_19_431546015 1
477 0 msmarco_v2.1_doc_19_487630562 1
477 0 msmarco_v2.1_doc_20_1288106457 1
477 0 msmarco_v2.1_doc_20_1490675193 1
477 0 msmarco_v2.1_doc_20_442247217 1
477 0 msmarco_v2.1_doc_22_1438052528 1
477 0 msmarco_v2.1_doc_22_1438154320 1
477 0 msmarco_v2.1_doc_22_1571153747 1
477 0 msmarco_v2.1_doc_22_504578109 1
477 0 msmarco_v2.1_doc_23_771686675 1
477 0 msmarco_v2.1_doc_23_979431959 1
477 0 msmarco_v2.1_doc_24_1161944263 1
477 0 msmarco_v2.1_doc_24_1453763428 1
477 0 msmarco_v2.1_doc_24_1642019331 1
477 0 msmarco_v2.1_doc_24_60194739 1
477 0 msmarco_v2.1_doc_24_927911497 1
477 0 msmarco_v2.1_doc_25_1043383429 1
477 0 msmarco_v2.1_doc_25_1171328114 1
477 0 msmarco_v2.1_doc_25_1220887966 1
477 0 msmarco_v2.1_doc_25_1591954358 1
477 0 msmarco_v2.1_doc_25_250470232 1
477 0 msmarco_v2.1_doc_25_253529767 1
477 0 msmarco_v2.1_doc_25_500855895 1
477 0 msmarco_v2.1_doc_25_68958976 1
477 0 msmarco_v2.1_doc_26_1015340836 1
477 0 msmarco_v2.1_doc_26_120023526 1
477 0 msmarco_v2.1_doc_26_1831791116 1
477 0 msmarco_v2.1_doc_26_1836877907 1
477 0 msmarco_v2.1_doc_26_580433011 1
477 0 msmarco_v2.1_doc_26_789791480 1
477 0 msmarco_v2.1_doc_26_791384144 1
477 0 msmarco_v2.1_doc_27_1174494569 1
477 0 msmarco_v2.1_doc_27_1219058277 1
477 0 msmarco_v2.1_doc_28_459625046 1
477 0 msmarco_v2.1_doc_28_914992102 1
477 0 msmarco_v2.1_doc_29_1358921538 1
477 0 msmarco_v2.1_doc_29_563461331 1
477 0 msmarco_v2.1_doc_30_121058410 1
477 0 msmarco_v2.1_doc_30_1530918561 1
477 0 msmarco_v2.1_doc_30_347662330 1
477 0 msmarco_v2.1_doc_30_527153152 1
477 0 msmarco_v2.1_doc_30_534878531 1
477 0 msmarco_v2.1_doc_32_1073243065 1
477 0 msmarco_v2.1_doc_32_533336619 1
477 0 msmarco_v2.1_doc_33_1344678258 1
477 0 msmarco_v2.1_doc_33_1347817864 1
477 0 msmarco_v2.1_doc_35_37777213 1
477 0 msmarco_v2.1_doc_35_37783634 1
477 0 msmarco_v2.1_doc_35_37795436 1
477 0 msmarco_v2.1_doc_35_63442099 1
477 0 msmarco_v2.1_doc_36_1290175161 1
477 0 msmarco_v2.1_doc_36_211931368 1
477 0 msmarco_v2.1_doc_36_884358643 1
477 0 msmarco_v2.1_doc_36_885232733 1
477 0 msmarco_v2.1_doc_37_1306978938 1
477 0 msmarco_v2.1_doc_37_1307001554 1
477 0 msmarco_v2.1_doc_37_169755820 1
477 0 msmarco_v2.1_doc_39_1520456823 1
477 0 msmarco_v2.1_doc_39_1542967017 1
477 0 msmarco_v2.1_doc_39_545370068 1
477 0 msmarco_v2.1_doc_39_713708718 1
477 0 msmarco_v2.1_doc_39_713887661 1
477 0 msmarco_v2.1_doc_40_1125017597 1
477 0 msmarco_v2.1_doc_40_1153460839 1
477 0 msmarco_v2.1_doc_40_569314475 1
477 0 msmarco_v2.1_doc_41_1178155230 1
477 0 msmarco_v2.1_doc_42_1042137727 1
477 0 msmarco_v2.1_doc_42_567268573 1
477 0 msmarco_v2.1_doc_42_874770519 1
477 0 msmarco_v2.1_doc_43_1338770485 1
477 0 msmarco_v2.1_doc_44_1065684582 1
477 0 msmarco_v2.1_doc_45_1207885879 1
477 0 msmarco_v2.1_doc_45_1219660269 1
477 0 msmarco_v2.1_doc_45_1219886170 1
477 0 msmarco_v2.1_doc_47_1356921986 1
477 0 msmarco_v2.1_doc_47_669971618 1
477 0 msmarco_v2.1_doc_48_1020197415 1
477 0 msmarco_v2.1_doc_48_1312665735 1
477 0 msmarco_v2.1_doc_48_256867658 1
477 0 msmarco_v2.1_doc_48_916445855 1
477 0 msmarco_v2.1_doc_49_1507478913 1
477 0 msmarco_v2.1_doc_49_291349002 1
477 0 msmarco_v2.1_doc_49_292185872 1
477 0 msmarco_v2.1_doc_49_982961840 1
477 0 msmarco_v2.1_doc_50_1203626047 1
477 0 msmarco_v2.1_doc_50_2449392541 1
477 0 msmarco_v2.1_doc_50_2719648888 1
477 0 msmarco_v2.1_doc_51_1108254440 1
477 0 msmarco_v2.1_doc_51_1469556346 1
477 0 msmarco_v2.1_doc_52_1274116026 1
477 0 msmarco_v2.1_doc_52_1635343528 1
477 0 msmarco_v2.1_doc_52_415373342 1
477 0 msmarco_v2.1_doc_52_415511152 1
477 0 msmarco_v2.1_doc_54_1479325557 1
477 0 msmarco_v2.1_doc_54_247720359 1
477 0 msmarco_v2.1_doc_54_722485201 1
477 0 msmarco_v2.1_doc_54_722565684 1
477 0 msmarco_v2.1_doc_55_461058207 1
477 0 msmarco_v2.1_doc_55_461070555 1
477 0 msmarco_v2.1_doc_55_466026097 1
477 0 msmarco_v2.1_doc_56_1203406976 1
477 0 msmarco_v2.1_doc_56_1573140564 1
477 0 msmarco_v2.1_doc_57_640346130 1
477 0 msmarco_v2.1_doc_58_788728787 1
477 0 msmarco_v2.1_doc_00_1426314307 0
477 0 msmarco_v2.1_doc_16_1029007686 0
477 0 msmarco_v2.1_doc_16_3012984972 0
477 0 msmarco_v2.1_doc_17_1182509630 0
477 0 msmarco_v2.1_doc_18_2186234750 0
477 0 msmarco_v2.1_doc_18_2407244486 0
477 0 msmarco_v2.1_doc_19_605722320 0
477 0 msmarco_v2.1_doc_23_768398914 0
477 0 msmarco_v2.1_doc_23_869513562 0
477 0 msmarco_v2.1_doc_25_68858104 0
477 0 msmarco_v2.1_doc_26_101978796 0
477 0 msmarco_v2.1_doc_35_874550636 0
477 0 msmarco_v2.1_doc_39_1547862789 0
477 0 msmarco_v2.1_doc_39_207918502 0
477 0 msmarco_v2.1_doc_50_2444014760 0
477 0 msmarco_v2.1_doc_50_84454597 0
477 0 msmarco_v2.1_doc_52_1275723097 0
477 0 msmarco_v2.1_doc_52_1563472986 0
477 0 msmarco_v2.1_doc_52_220299446 0
477 0 msmarco_v2.1_doc_52_414896550 0
477 0 msmarco_v2.1_doc_55_384346759 0
499 0 msmarco_v2.1_doc_04_617582278 4
499 0 msmarco_v2.1_doc_21_41906823 4
499 0 msmarco_v2.1_doc_37_164396047 4
499 0 msmarco_v2.1_doc_44_650236614 4
499 0 msmarco_v2.1_doc_46_944157393 4
499 0 msmarco_v2.1_doc_03_1455905544 3
499 0 msmarco_v2.1_doc_04_617554153 3
499 0 msmarco_v2.1_doc_19_1176819842 3
499 0 msmarco_v2.1_doc_22_1343201605 3
499 0 msmarco_v2.1_doc_31_257769885 3
499 0 msmarco_v2.1_doc_51_2033150317 3
499 0 msmarco_v2.1_doc_56_1404221436 3
499 0 msmarco_v2.1_doc_01_1920483936 2
499 0 msmarco_v2.1_doc_07_1371316729 2
499 0 msmarco_v2.1_doc_09_899286058 2
499 0 msmarco_v2.1_doc_10_1291526860 2
499 0 msmarco_v2.1_doc_10_1397303771 2
499 0 msmarco_v2.1_doc_20_140966576 2
499 0 msmarco_v2.1_doc_23_466916736 2
499 0 msmarco_v2.1_doc_24_298638419 2
499 0 msmarco_v2.1_doc_25_955492998 2
499 0 msmarco_v2.1_doc_26_1717896835 2
499 0 msmarco_v2.1_doc_27_349453482 2
499 0 msmarco_v2.1_doc_28_662138824 2
499 0 msmarco_v2.1_doc_29_1234591275 2
499 0 msmarco_v2.1_doc_33_1460175804 2
499 0 msmarco_v2.1_doc_35_1134898034 2
499 0 msmarco_v2.1_doc_42_695393967 2
499 0 msmarco_v2.1_doc_45_1077435557 2
499 0 msmarco_v2.1_doc_45_1077456910 2
499 0 msmarco_v2.1_doc_45_534958344 2
499 0 msmarco_v2.1_doc_45_827203506 2
499 0 msmarco_v2.1_doc_54_1664329963 2
499 0 msmarco_v2.1_doc_59_728593128 2
499 0 msmarco_v2.1_doc_00_182589609 1
499 0 msmarco_v2.1_doc_00_649074610 1
499 0 msmarco_v2.1_doc_01_1965232334 1
499 0 msmarco_v2.1_doc_01_1972664999 1
499 0 msmarco_v2.1_doc_01_1972697787 1
499 0 msmarco_v2.1_doc_01_1979290383 1
499 0 msmarco_v2.1_doc_01_597133423 1
499 0 msmarco_v2.1_doc_02_978194007 1
499 0 msmarco_v2.1_doc_03_1095692836 1
499 0 msmarco_v2.1_doc_03_1766690434 1
499 0 msmarco_v2.1_doc_03_746650988 1
499 0 msmarco_v2.1_doc_04_617620900 1
499 0 msmarco_v2.1_doc_04_617638138 1
499 0 msmarco_v2.1_doc_04_631688838 1
499 0 msmarco_v2.1_doc_05_1602099590 1
499 0 msmarco_v2.1_doc_06_116151508 1
499 0 msmarco_v2.1_doc_06_1368069201 1
499 0 msmarco_v2.1_doc_06_1485151721 1
499 0 msmarco_v2.1_doc_07_1039553174 1
499 0 msmarco_v2.1_doc_07_909631029 1
499 0 msmarco_v2.1_doc_08_1099445187 1
499 0 msmarco_v2.1_doc_08_1546699500 1
499 0 msmarco_v2.1_doc_08_463262824 1
499 0 msmarco_v2.1_doc_08_688751343 1
499 0 msmarco_v2.1_doc_08_915238227 1
499 0 msmarco_v2.1_doc_08_960991087 1
499 0 msmarco_v2.1_doc_09_1564016483 1
499 0 msmarco_v2.1_doc_10_1397331879 1
499 0 msmarco_v2.1_doc_10_1397334190 1
499 0 msmarco_v2.1_doc_13_506382214 1
499 0 msmarco_v2.1_doc_14_1198888902 1
499 0 msmarco_v2.1_doc_14_1635182499 1
499 0 msmarco_v2.1_doc_15_215021999 1
499 0 msmarco_v2.1_doc_15_488995693 1
499 0 msmarco_v2.1_doc_16_1970328809 1
499 0 msmarco_v2.1_doc_17_31518321 1
499 0 msmarco_v2.1_doc_17_613123654 1
499 0 msmarco_v2.1_doc_17_613239746 1
499 0 msmarco_v2.1_doc_17_613254783 1
499 0 msmarco_v2.1_doc_18_2817744108 1
499 0 msmarco_v2.1_doc_19_1176761119 1
499 0 msmarco_v2.1_doc_19_1176801621 1
499 0 msmarco_v2.1_doc_19_338540011 1
499 0 msmarco_v2.1_doc_20_620213708 1
499 0 msmarco_v2.1_doc_21_398539221 1
499 0 msmarco_v2.1_doc_23_467643920 1
499 0 msmarco_v2.1_doc_23_635545532 1
499 0 msmarco_v2.1_doc_23_642404078 1
499 0 msmarco_v2.1_doc_24_767244448 1
499 0 msmarco_v2.1_doc_25_1080266112 1
499 0 msmarco_v2.1_doc_25_155111759 1
499 0 msmarco_v2.1_doc_25_436368551 1
499 0 msmarco_v2.1_doc_26_1219151194 1
499 0 msmarco_v2.1_doc_26_1493382140 1
499 0 msmarco_v2.1_doc_26_1720681523 1
499 0 msmarco_v2.1_doc_26_892355637 1
499 0 msmarco_v2.1_doc_28_1377567332 1
499 0 msmarco_v2.1_doc_28_1385931634 1
499 0 msmarco_v2.1_doc_28_1386407846 1
499 0 msmarco_v2.1_doc_28_1710045654 1
499 0 msmarco_v2.1_doc_28_1710904895 1
499 0 msmarco_v2.1_doc_28_270341950 1
499 0 msmarco_v2.1_doc_28_399753392 1
499 0 msmarco_v2.1_doc_28_399797122 1
499 0 msmarco_v2.1_doc_28_720999785 1
499 0 msmarco_v2.1_doc_30_101775240 1
499 0 msmarco_v2.1_doc_31_225986811 1
499 0 msmarco_v2.1_doc_33_1353853392 1
499 0 msmarco_v2.1_doc_34_799191435 1
499 0 msmarco_v2.1_doc_35_1180634571 1
499 0 msmarco_v2.1_doc_36_660091453 1
499 0 msmarco_v2.1_doc_37_1400175994 1
499 0 msmarco_v2.1_doc_41_1919715122 1
499 0 msmarco_v2.1_doc_42_1221014850 1
499 0 msmarco_v2.1_doc_42_1221293397 1
499 0 msmarco_v2.1_doc_42_195794040 1
499 0 msmarco_v2.1_doc_45_534907780 1
499 0 msmarco_v2.1_doc_45_534972300 1
499 0 msmarco_v2.1_doc_46_736659888 1
499 0 msmarco_v2.1_doc_46_925204065 1
499 0 msmarco_v2.1_doc_48_550388942 1
499 0 msmarco_v2.1_doc_50_401439792 1
499 0 msmarco_v2.1_doc_51_1573847587 1
499 0 msmarco_v2.1_doc_51_2107842253 1
499 0 msmarco_v2.1_doc_53_407921327 1
499 0 msmarco_v2.1_doc_54_1486457820 1
499 0 msmarco_v2.1_doc_56_1004744857 1
499 0 msmarco_v2.1_doc_56_1523554865 1
499 0 msmarco_v2.1_doc_56_1554118159 1
499 0 msmarco_v2.1_doc_00_1150032545 0
499 0 msmarco_v2.1_doc_02_565379937 0
499 0 msmarco_v2.1_doc_08_689110696 0
499 0 msmarco_v2.1_doc_09_917170658 0
499 0 msmarco_v2.1_doc_16_2951660159 0
499 0 msmarco_v2.1_doc_16_630126398 0
499 0 msmarco_v2.1_doc_17_2020474096 0
499 0 msmarco_v2.1_doc_18_625579314 0
499 0 msmarco_v2.1_doc_20_1477142430 0
499 0 msmarco_v2.1_doc_22_1569239851 0
499 0 msmarco_v2.1_doc_24_215807211 0
499 0 msmarco_v2.1_doc_26_991371816 0
499 0 msmarco_v2.1_doc_27_1234399395 0
499 0 msmarco_v2.1_doc_27_715510489 0
499 0 msmarco_v2.1_doc_28_489123501 0
499 0 msmarco_v2.1_doc_29_126735806 0
499 0 msmarco_v2.1_doc_33_1372263420 0
499 0 msmarco_v2.1_doc_48_568498901 0
499 0 msmarco_v2.1_doc_53_487330244 0
499 0 msmarco_v2.1_doc_53_493432775 0
515 0 msmarco_v2.1_doc_35_650245430 4
515 0 msmarco_v2.1_doc_07_1151890727 3
515 0 msmarco_v2.1_doc_14_33197457 3
515 0 msmarco_v2.1_doc_35_657397657 3
515 0 msmarco_v2.1_doc_35_696874940 3
515 0 msmarco_v2.1_doc_40_230341061 3
515 0 msmarco_v2.1_doc_56_1450414049 3
515 0 msmarco_v2.1_doc_00_430427785 2
515 0 msmarco_v2.1_doc_00_430913451 2
515 0 msmarco_v2.1_doc_01_1262989938 2
515 0 msmarco_v2.1_doc_04_1165824094 2
515 0 msmarco_v2.1_doc_04_1165894256 2
515 0 msmarco_v2.1_doc_04_1165948036 2
515 0 msmarco_v2.1_doc_07_892164108 2
515 0 msmarco_v2.1_doc_10_1321995752 2
515 0 msmarco_v2.1_doc_16_297402042 2
515 0 msmarco_v2.1_doc_26_1232346196 2
515 0 msmarco_v2.1_doc_26_577378832 2
515 0 msmarco_v2.1_doc_29_466428983 2
515 0 msmarco_v2.1_doc_31_61609260 2
515 0 msmarco_v2.1_doc_35_679822293 2
515 0 msmarco_v2.1_doc_35_697149478 2
515 0 msmarco_v2.1_doc_42_533970889 2
515 0 msmarco_v2.1_doc_42_821484179 2
515 0 msmarco_v2.1_doc_46_988505170 2
515 0 msmarco_v2.1_doc_48_1266375778 2
515 0 msmarco_v2.1_doc_50_108310624 2
515 0 msmarco_v2.1_doc_50_2457390787 2
515 0 msmarco_v2.1_doc_52_54696242 2
515 0 msmarco_v2.1_doc_56_898532524 2
515 0 msmarco_v2.1_doc_57_1292289787 2
515 0 msmarco_v2.1_doc_57_893171788 2
515 0 msmarco_v2.1_doc_57_893180974 2
515 0 msmarco_v2.1_doc_00_432678307 1
515 0 msmarco_v2.1_doc_00_875546039 1
515 0 msmarco_v2.1_doc_02_1411103454 1
515 0 msmarco_v2.1_doc_02_1466460485 1
515 0 msmarco_v2.1_doc_03_1107451260 1
515 0 msmarco_v2.1_doc_03_1629460914 1
515 0 msmarco_v2.1_doc_03_294728171 1
515 0 msmarco_v2.1_doc_04_1155930551 1
515 0 msmarco_v2.1_doc_04_1156800424 1
515 0 msmarco_v2.1_doc_04_1164306492 1
515 0 msmarco_v2.1_doc_04_1165901643 1
515 0 msmarco_v2.1_doc_04_1165921106 1
515 0 msmarco_v2.1_doc_04_1166068418 1
515 0 msmarco_v2.1_doc_04_1166304061 1
515 0 msmarco_v2.1_doc_04_1166329822 1
515 0 msmarco_v2.1_doc_04_1296158264 1
515 0 msmarco_v2.1_doc_05_431102546 1
515 0 msmarco_v2.1_doc_07_1294869441 1
515 0 msmarco_v2.1_doc_08_1067573355 1
515 0 msmarco_v2.1_doc_08_1437219279 1
515 0 msmarco_v2.1_doc_08_677476346 1
515 0 msmarco_v2.1_doc_09_1136873450 1
515 0 msmarco_v2.1_doc_10_485275098 1
515 0 msmarco_v2.1_doc_11_400515571 1
515 0 msmarco_v2.1_doc_11_524725682 1
515 0 msmarco_v2.1_doc_11_526375813 1
515 0 msmarco_v2.1_doc_12_1229772814 1
515 0 msmarco_v2.1_doc_16_64116459 1
515 0 msmarco_v2.1_doc_17_547851243 1
515 0 msmarco_v2.1_doc_18_626691247 1
515 0 msmarco_v2.1_doc_21_604544607 1
515 0 msmarco_v2.1_doc_21_655778664 1
515 0 msmarco_v2.1_doc_23_1272274848 1
515 0 msmarco_v2.1_doc_24_1588002628 1
515 0 msmarco_v2.1_doc_26_1231679089 1
515 0 msmarco_v2.1_doc_27_1588445932 1
515 0 msmarco_v2.1_doc_32_790799038 1
515 0 msmarco_v2.1_doc_35_1300381438 1
515 0 msmarco_v2.1_doc_35_1355033327 1
515 0 msmarco_v2.1_doc_35_1367487106 1
515 0 msmarco_v2.1_doc_35_648185716 1
515 0 msmarco_v2.1_doc_35_648189012 1
515 0 msmarco_v2.1_doc_35_657640394 1
515 0 msmarco_v2.1_doc_35_678163595 1
515 0 msmarco_v2.1_doc_35_687722002 1
515 0 msmarco_v2.1_doc_35_687731564 1
515 0 msmarco_v2.1_doc_35_687741061 1
515 0 msmarco_v2.1_doc_35_687751074 1
515 0 msmarco_v2.1_doc_35_688067800 1
515 0 msmarco_v2.1_doc_35_696792564 1
515 0 msmarco_v2.1_doc_35_697271698 1
515 0 msmarco_v2.1_doc_37_591349744 1
515 0 msmarco_v2.1_doc_38_394952394 1
515 0 msmarco_v2.1_doc_39_450938566 1
515 0 msmarco_v2.1_doc_42_343281481 1
515 0 msmarco_v2.1_doc_42_461662258 1
515 0 msmarco_v2.1_doc_42_567725986 1
515 0 msmarco_v2.1_doc_42_571932791 1
515 0 msmarco_v2.1_doc_42_572911457 1
515 0 msmarco_v2.1_doc_42_574444997 1
515 0 msmarco_v2.1_doc_42_614066007 1
515 0 msmarco_v2.1_doc_46_785626204 1
515 0 msmarco_v2.1_doc_46_843609888 1
515 0 msmarco_v2.1_doc_46_921957206 1
515 0 msmarco_v2.1_doc_48_190258936 1
515 0 msmarco_v2.1_doc_48_470561088 1
515 0 msmarco_v2.1_doc_48_554964009 1
515 0 msmarco_v2.1_doc_49_1605788846 1
515 0 msmarco_v2.1_doc_50_107753990 1
515 0 msmarco_v2.1_doc_50_882461711 1
515 0 msmarco_v2.1_doc_51_1068458022 1
515 0 msmarco_v2.1_doc_56_1404354638 1
515 0 msmarco_v2.1_doc_56_1421099218 1
515 0 msmarco_v2.1_doc_56_1474298275 1
515 0 msmarco_v2.1_doc_56_1474546948 1
515 0 msmarco_v2.1_doc_56_1523358995 1
515 0 msmarco_v2.1_doc_56_1535143316 1
515 0 msmarco_v2.1_doc_57_618322292 1
515 0 msmarco_v2.1_doc_57_893386184 1
515 0 msmarco_v2.1_doc_57_896172995 1
515 0 msmarco_v2.1_doc_57_898362682 1
515 0 msmarco_v2.1_doc_00_874057832 0
515 0 msmarco_v2.1_doc_01_1097370337 0
515 0 msmarco_v2.1_doc_01_2131419420 0
515 0 msmarco_v2.1_doc_02_1188186855 0
515 0 msmarco_v2.1_doc_02_1362098283 0
515 0 msmarco_v2.1_doc_02_1410932197 0
515 0 msmarco_v2.1_doc_02_187913905 0
515 0 msmarco_v2.1_doc_02_571788645 0
515 0 msmarco_v2.1_doc_02_651913054 0
515 0 msmarco_v2.1_doc_02_724803263 0
515 0 msmarco_v2.1_doc_03_1299805450 0
515 0 msmarco_v2.1_doc_04_1155016604 0
515 0 msmarco_v2.1_doc_04_1161935053 0
515 0 msmarco_v2.1_doc_04_1162183880 0
515 0 msmarco_v2.1_doc_04_1165787976 0
515 0 msmarco_v2.1_doc_04_1165842682 0
515 0 msmarco_v2.1_doc_04_1166048430 0
515 0 msmarco_v2.1_doc_04_1166313118 0
515 0 msmarco_v2.1_doc_04_1166320773 0
515 0 msmarco_v2.1_doc_04_1254757131 0
515 0 msmarco_v2.1_doc_04_915793818 0
515 0 msmarco_v2.1_doc_04_916204514 0
515 0 msmarco_v2.1_doc_04_916782636 0
515 0 msmarco_v2.1_doc_05_305500981 0
515 0 msmarco_v2.1_doc_05_309697284 0
515 0 msmarco_v2.1_doc_05_691554591 0
515 0 msmarco_v2.1_doc_06_1386419658 0
515 0 msmarco_v2.1_doc_06_1392973935 0
515 0 msmarco_v2.1_doc_06_1947395066 0
515 0 msmarco_v2.1_doc_08_1639915561 0
515 0 msmarco_v2.1_doc_08_30390512 0
515 0 msmarco_v2.1_doc_08_308270251 0
515 0 msmarco_v2.1_doc_08_511843024 0
515 0 msmarco_v2.1_doc_09_1212377883 0
515 0 msmarco_v2.1_doc_09_1628825217 0
515 0 msmarco_v2.1_doc_10_13387006 0
515 0 msmarco_v2.1_doc_10_663566319 0
515 0 msmarco_v2.1_doc_11_524636481 0
515 0 msmarco_v2.1_doc_11_525943509 0
515 0 msmarco_v2.1_doc_11_526673869 0
515 0 msmarco_v2.1_doc_13_1329209748 0
515 0 msmarco_v2.1_doc_16_2715127497 0
515 0 msmarco_v2.1_doc_19_1438925257 0
515 0 msmarco_v2.1_doc_21_395004596 0
515 0 msmarco_v2.1_doc_21_501809719 0
515 0 msmarco_v2.1_doc_23_494448769 0
515 0 msmarco_v2.1_doc_24_1260434275 0
515 0 msmarco_v2.1_doc_24_1637891738 0
515 0 msmarco_v2.1_doc_24_264462049 0
515 0 msmarco_v2.1_doc_24_282553218 0
515 0 msmarco_v2.1_doc_25_1104012973 0
515 0 msmarco_v2.1_doc_25_1105850012 0
515 0 msmarco_v2.1_doc_25_1630025421 0
515 0 msmarco_v2.1_doc_26_1611430091 0
515 0 msmarco_v2.1_doc_26_1664794901 0
515 0 msmarco_v2.1_doc_26_790916013 0
515 0 msmarco_v2.1_doc_27_1587547960 0
515 0 msmarco_v2.1_doc_27_1588653381 0
515 0 msmarco_v2.1_doc_28_382604361 0
515 0 msmarco_v2.1_doc_29_445109509 0
515 0 msmarco_v2.1_doc_30_688471962 0
515 0 msmarco_v2.1_doc_31_1731338879 0
515 0 msmarco_v2.1_doc_31_1746561438 0
515 0 msmarco_v2.1_doc_32_1467602662 0
515 0 msmarco_v2.1_doc_34_1608808222 0
515 0 msmarco_v2.1_doc_35_1367416997 0
515 0 msmarco_v2.1_doc_35_1367453402 0
515 0 msmarco_v2.1_doc_35_1367780327 0
515 0 msmarco_v2.1_doc_35_1368514603 0
515 0 msmarco_v2.1_doc_35_1421170912 0
515 0 msmarco_v2.1_doc_35_1428921977 0
515 0 msmarco_v2.1_doc_35_1430477545 0
515 0 msmarco_v2.1_doc_35_650180112 0
515 0 msmarco_v2.1_doc_35_655979996 0
515 0 msmarco_v2.1_doc_35_657197363 0
515 0 msmarco_v2.1_doc_35_680240207 0
515 0 msmarco_v2.1_doc_35_680820714 0
515 0 msmarco_v2.1_doc_35_686421379 0
515 0 msmarco_v2.1_doc_35_687963324 0
515 0 msmarco_v2.1_doc_35_688157650 0
515 0 msmarco_v2.1_doc_35_688163259 0
515 0 msmarco_v2.1_doc_35_688167606 0
515 0 msmarco_v2.1_doc_35_688172425 0
515 0 msmarco_v2.1_doc_35_688187185 0
515 0 msmarco_v2.1_doc_37_591113976 0
515 0 msmarco_v2.1_doc_42_874287424 0
515 0 msmarco_v2.1_doc_46_371372548 0
515 0 msmarco_v2.1_doc_46_698261255 0
515 0 msmarco_v2.1_doc_46_698424458 0
515 0 msmarco_v2.1_doc_46_775223630 0
515 0 msmarco_v2.1_doc_46_789922226 0
515 0 msmarco_v2.1_doc_46_848566403 0
515 0 msmarco_v2.1_doc_46_894894770 0
515 0 msmarco_v2.1_doc_48_1281640041 0
515 0 msmarco_v2.1_doc_48_273281817 0
515 0 msmarco_v2.1_doc_48_500753317 0
515 0 msmarco_v2.1_doc_50_108331435 0
515 0 msmarco_v2.1_doc_50_627517388 0
515 0 msmarco_v2.1_doc_51_1482999970 0
515 0 msmarco_v2.1_doc_51_2019795605 0
515 0 msmarco_v2.1_doc_51_657588774 0
515 0 msmarco_v2.1_doc_52_525105168 0
515 0 msmarco_v2.1_doc_53_244354444 0
515 0 msmarco_v2.1_doc_53_248646586 0
515 0 msmarco_v2.1_doc_54_1299007694 0
515 0 msmarco_v2.1_doc_54_1330088049 0
515 0 msmarco_v2.1_doc_56_1080936767 0
515 0 msmarco_v2.1_doc_56_1407313890 0
515 0 msmarco_v2.1_doc_56_1427555682 0
515 0 msmarco_v2.1_doc_56_1452716608 0
515 0 msmarco_v2.1_doc_56_1524539433 0
515 0 msmarco_v2.1_doc_56_1556131002 0
515 0 msmarco_v2.1_doc_56_1556495773 0
515 0 msmarco_v2.1_doc_57_893763903 0
515 0 msmarco_v2.1_doc_57_898390294 0
515 0 msmarco_v2.1_doc_58_1248066472 0
515 0 msmarco_v2.1_doc_58_1248095210 0
515 0 msmarco_v2.1_doc_59_295792548 0
707 0 msmarco_v2.1_doc_18_817801871 4
707 0 msmarco_v2.1_doc_08_290943206 3
707 0 msmarco_v2.1_doc_54_1348447371 3
707 0 msmarco_v2.1_doc_02_576120632 2
707 0 msmarco_v2.1_doc_05_706899492 2
707 0 msmarco_v2.1_doc_08_626080068 2
707 0 msmarco_v2.1_doc_09_1205046243 2
707 0 msmarco_v2.1_doc_15_1551984607 2
707 0 msmarco_v2.1_doc_15_278387623 2
707 0 msmarco_v2.1_doc_18_817750359 2
707 0 msmarco_v2.1_doc_24_1610116711 2
707 0 msmarco_v2.1_doc_24_333045289 2
707 0 msmarco_v2.1_doc_25_1697685265 2
707 0 msmarco_v2.1_doc_35_1418849782 2
707 0 msmarco_v2.1_doc_38_467673090 2
707 0 msmarco_v2.1_doc_46_789177270 2
707 0 msmarco_v2.1_doc_47_851351518 2
707 0 msmarco_v2.1_doc_00_1589244406 1
707 0 msmarco_v2.1_doc_00_432530270 1
707 0 msmarco_v2.1_doc_00_434804124 1
707 0 msmarco_v2.1_doc_01_1281542993 1
707 0 msmarco_v2.1_doc_01_129604975 1
707 0 msmarco_v2.1_doc_02_1555082081 1
707 0 msmarco_v2.1_doc_02_579757126 1
707 0 msmarco_v2.1_doc_03_1097893601 1
707 0 msmarco_v2.1_doc_03_1179774403 1
707 0 msmarco_v2.1_doc_05_1383359767 1
707 0 msmarco_v2.1_doc_05_1677009414 1
707 0 msmarco_v2.1_doc_05_1793964548 1
707 0 msmarco_v2.1_doc_05_706893062 1
707 0 msmarco_v2.1_doc_06_1334400856 1
707 0 msmarco_v2.1_doc_06_1777864193 1
707 0 msmarco_v2.1_doc_06_1870313165 1
707 0 msmarco_v2.1_doc_06_1944508556 1
707 0 msmarco_v2.1_doc_07_1480689009 1
707 0 msmarco_v2.1_doc_07_973499188 1
707 0 msmarco_v2.1_doc_07_998442985 1
707 0 msmarco_v2.1_doc_08_925111527 1
707 0 msmarco_v2.1_doc_10_675304694 1
707 0 msmarco_v2.1_doc_10_82039156 1
707 0 msmarco_v2.1_doc_12_1018272712 1
707 0 msmarco_v2.1_doc_12_1242081568 1
707 0 msmarco_v2.1_doc_12_770999908 1
707 0 msmarco_v2.1_doc_13_489222083 1
707 0 msmarco_v2.1_doc_13_783245153 1
707 0 msmarco_v2.1_doc_15_199120929 1
707 0 msmarco_v2.1_doc_16_1695127655 1
707 0 msmarco_v2.1_doc_16_222087226 1
707 0 msmarco_v2.1_doc_17_3663200595 1
707 0 msmarco_v2.1_doc_19_1028878529 1
707 0 msmarco_v2.1_doc_20_1616386185 1
707 0 msmarco_v2.1_doc_21_568737302 1
707 0 msmarco_v2.1_doc_21_632329100 1
707 0 msmarco_v2.1_doc_21_656699433 1
707 0 msmarco_v2.1_doc_21_668665780 1
707 0 msmarco_v2.1_doc_22_212752219 1
707 0 msmarco_v2.1_doc_23_145083008 1
707 0 msmarco_v2.1_doc_23_60152647 1
707 0 msmarco_v2.1_doc_24_1262650394 1
707 0 msmarco_v2.1_doc_24_403588298 1
707 0 msmarco_v2.1_doc_25_1466250843 1
707 0 msmarco_v2.1_doc_27_1618748896 1
707 0 msmarco_v2.1_doc_28_514791944 1
707 0 msmarco_v2.1_doc_30_1461777842 1
707 0 msmarco_v2.1_doc_30_1861992402 1
707 0 msmarco_v2.1_doc_31_43797589 1
707 0 msmarco_v2.1_doc_32_1062647591 1
707 0 msmarco_v2.1_doc_32_1068156404 1
707 0 msmarco_v2.1_doc_32_619794980 1
707 0 msmarco_v2.1_doc_33_681936288 1
707 0 msmarco_v2.1_doc_34_450770538 1
707 0 msmarco_v2.1_doc_35_1034858342 1
707 0 msmarco_v2.1_doc_35_1439045710 1
707 0 msmarco_v2.1_doc_35_1439226356 1
707 0 msmarco_v2.1_doc_35_1439361820 1
707 0 msmarco_v2.1_doc_35_1439983864 1
707 0 msmarco_v2.1_doc_35_1474544978 1
707 0 msmarco_v2.1_doc_35_1588624070 1
707 0 msmarco_v2.1_doc_35_679237191 1
707 0 msmarco_v2.1_doc_36_1406073570 1
707 0 msmarco_v2.1_doc_36_1557975637 1
707 0 msmarco_v2.1_doc_36_559359212 1
707 0 msmarco_v2.1_doc_36_857769063 1
707 0 msmarco_v2.1_doc_37_1040537978 1
707 0 msmarco_v2.1_doc_37_1122361201 1
707 0 msmarco_v2.1_doc_37_588997918 1
707 0 msmarco_v2.1_doc_38_1203390611 1
707 0 msmarco_v2.1_doc_38_399923071 1
707 0 msmarco_v2.1_doc_38_504497744 1
707 0 msmarco_v2.1_doc_39_1144415845 1
707 0 msmarco_v2.1_doc_39_1172286143 1
707 0 msmarco_v2.1_doc_39_317443718 1
707 0 msmarco_v2.1_doc_39_875083649 1
707 0 msmarco_v2.1_doc_40_923776168 1
707 0 msmarco_v2.1_doc_42_1064857820 1
707 0 msmarco_v2.1_doc_42_577074872 1
707 0 msmarco_v2.1_doc_42_710433073 1
707 0 msmarco_v2.1_doc_42_856533693 1
707 0 msmarco_v2.1_doc_42_946117917 1
707 0 msmarco_v2.1_doc_44_204980400 1
707 0 msmarco_v2.1_doc_44_872922156 1
707 0 msmarco_v2.1_doc_44_873918457 1
707 0 msmarco_v2.1_doc_45_1205275929 1
707 0 msmarco_v2.1_doc_47_826405237 1
707 0 msmarco_v2.1_doc_48_466558565 1
707 0 msmarco_v2.1_doc_48_504838252 1
707 0 msmarco_v2.1_doc_48_746708514 1
707 0 msmarco_v2.1_doc_48_747083232 1
707 0 msmarco_v2.1_doc_49_1163275136 1
707 0 msmarco_v2.1_doc_49_819874736 1
707 0 msmarco_v2.1_doc_49_937628039 1
707 0 msmarco_v2.1_doc_50_512883446 1
707 0 msmarco_v2.1_doc_51_1461858339 1
707 0 msmarco_v2.1_doc_51_1727839903 1
707 0 msmarco_v2.1_doc_51_1828772935 1
707 0 msmarco_v2.1_doc_51_2078999296 1
707 0 msmarco_v2.1_doc_51_2116985732 1
707 0 msmarco_v2.1_doc_52_548333422 1
707 0 msmarco_v2.1_doc_53_1434575121 1
707 0 msmarco_v2.1_doc_53_769150685 1
707 0 msmarco_v2.1_doc_55_482833084 1
707 0 msmarco_v2.1_doc_56_1529289270 1
707 0 msmarco_v2.1_doc_56_794076522 1
707 0 msmarco_v2.1_doc_56_80924348 1
707 0 msmarco_v2.1_doc_57_952628798 1
707 0 msmarco_v2.1_doc_00_1248648427 0
707 0 msmarco_v2.1_doc_00_1296948333 0
707 0 msmarco_v2.1_doc_00_720878448 0
707 0 msmarco_v2.1_doc_01_1035886302 0
707 0 msmarco_v2.1_doc_01_1253156815 0
707 0 msmarco_v2.1_doc_01_1316829486 0
707 0 msmarco_v2.1_doc_01_1606212113 0
707 0 msmarco_v2.1_doc_01_1655986783 0
707 0 msmarco_v2.1_doc_01_75201654 0
707 0 msmarco_v2.1_doc_02_1273884828 0
707 0 msmarco_v2.1_doc_02_1391502287 0
707 0 msmarco_v2.1_doc_02_1584774326 0
707 0 msmarco_v2.1_doc_02_1689347822 0
707 0 msmarco_v2.1_doc_02_614530325 0
707 0 msmarco_v2.1_doc_02_643719509 0
707 0 msmarco_v2.1_doc_03_1001277699 0
707 0 msmarco_v2.1_doc_03_392019197 0
707 0 msmarco_v2.1_doc_04_1262733611 0
707 0 msmarco_v2.1_doc_04_1262802468 0
707 0 msmarco_v2.1_doc_04_1264492519 0
707 0 msmarco_v2.1_doc_04_1265008659 0
707 0 msmarco_v2.1_doc_04_1356260171 0
707 0 msmarco_v2.1_doc_06_1340624956 0
707 0 msmarco_v2.1_doc_06_1366080249 0
707 0 msmarco_v2.1_doc_06_1368953690 0
707 0 msmarco_v2.1_doc_06_1421604045 0
707 0 msmarco_v2.1_doc_06_1486152649 0
707 0 msmarco_v2.1_doc_06_1748333980 0
707 0 msmarco_v2.1_doc_06_1817587222 0
707 0 msmarco_v2.1_doc_06_1944175516 0
707 0 msmarco_v2.1_doc_06_35756764 0
707 0 msmarco_v2.1_doc_06_73500023 0
707 0 msmarco_v2.1_doc_06_7657818 0
707 0 msmarco_v2.1_doc_06_915500371 0
707 0 msmarco_v2.1_doc_07_1065790831 0
707 0 msmarco_v2.1_doc_07_1362679019 0
707 0 msmarco_v2.1_doc_07_377790472 0
707 0 msmarco_v2.1_doc_08_1063889634 0
707 0 msmarco_v2.1_doc_08_991346928 0
707 0 msmarco_v2.1_doc_09_198199062 0
707 0 msmarco_v2.1_doc_10_260512352 0
707 0 msmarco_v2.1_doc_10_773518724 0
707 0 msmarco_v2.1_doc_12_1397259483 0
707 0 msmarco_v2.1_doc_12_770710932 0
707 0 msmarco_v2.1_doc_12_771095605 0
707 0 msmarco_v2.1_doc_12_772101964 0
707 0 msmarco_v2.1_doc_13_1287460398 0
707 0 msmarco_v2.1_doc_13_1292166933 0
707 0 msmarco_v2.1_doc_13_1430672287 0
707 0 msmarco_v2.1_doc_13_341132158 0
707 0 msmarco_v2.1_doc_13_341146404 0
707 0 msmarco_v2.1_doc_13_341267696 0
707 0 msmarco_v2.1_doc_13_385104977 0
707 0 msmarco_v2.1_doc_13_781527090 0
707 0 msmarco_v2.1_doc_13_83000993 0
707 0 msmarco_v2.1_doc_14_151101217 0
707 0 msmarco_v2.1_doc_14_164204186 0
707 0 msmarco_v2.1_doc_14_1668386826 0
707 0 msmarco_v2.1_doc_14_174638931 0
707 0 msmarco_v2.1_doc_15_1770906205 0
707 0 msmarco_v2.1_doc_15_215085897 0
707 0 msmarco_v2.1_doc_16_125259479 0
707 0 msmarco_v2.1_doc_16_2920167778 0
707 0 msmarco_v2.1_doc_16_60555846 0
707 0 msmarco_v2.1_doc_16_60847434 0
707 0 msmarco_v2.1_doc_16_60977360 0
707 0 msmarco_v2.1_doc_16_61107200 0
707 0 msmarco_v2.1_doc_16_62155647 0
707 0 msmarco_v2.1_doc_16_63795878 0
707 0 msmarco_v2.1_doc_17_1452984313 0
707 0 msmarco_v2.1_doc_17_1531113575 0
707 0 msmarco_v2.1_doc_17_1942290159 0
707 0 msmarco_v2.1_doc_17_1970959924 0
707 0 msmarco_v2.1_doc_17_539615816 0
707 0 msmarco_v2.1_doc_17_539860540 0
707 0 msmarco_v2.1_doc_17_859831020 0
707 0 msmarco_v2.1_doc_18_1026096215 0
707 0 msmarco_v2.1_doc_18_1279856295 0
707 0 msmarco_v2.1_doc_18_3102405367 0
707 0 msmarco_v2.1_doc_18_3182677589 0
707 0 msmarco_v2.1_doc_18_692958678 0
707 0 msmarco_v2.1_doc_18_706919038 0
707 0 msmarco_v2.1_doc_20_1400605826 0
707 0 msmarco_v2.1_doc_20_173376275 0
707 0 msmarco_v2.1_doc_22_1577924719 0
707 0 msmarco_v2.1_doc_22_385912426 0
707 0 msmarco_v2.1_doc_22_515408350 0
707 0 msmarco_v2.1_doc_23_1514124890 0
707 0 msmarco_v2.1_doc_24_149243358 0
707 0 msmarco_v2.1_doc_25_1025289501 0
707 0 msmarco_v2.1_doc_25_607401307 0
707 0 msmarco_v2.1_doc_25_613600539 0
707 0 msmarco_v2.1_doc_25_778949400 0
707 0 msmarco_v2.1_doc_25_783604918 0
707 0 msmarco_v2.1_doc_25_805466298 0
707 0 msmarco_v2.1_doc_26_1495947098 0
707 0 msmarco_v2.1_doc_26_1632681687 0
707 0 msmarco_v2.1_doc_26_1670159960 0
707 0 msmarco_v2.1_doc_26_1789109789 0
707 0 msmarco_v2.1_doc_26_1801972447 0
707 0 msmarco_v2.1_doc_26_863029486 0
707 0 msmarco_v2.1_doc_26_951113347 0
707 0 msmarco_v2.1_doc_27_1044209010 0
707 0 msmarco_v2.1_doc_27_1047642262 0
707 0 msmarco_v2.1_doc_27_1049021680 0
707 0 msmarco_v2.1_doc_27_1049201878 0
707 0 msmarco_v2.1_doc_27_1050508798 0
707 0 msmarco_v2.1_doc_27_1050515858 0
707 0 msmarco_v2.1_doc_27_1523476096 0
707 0 msmarco_v2.1_doc_27_15678404 0
707 0 msmarco_v2.1_doc_27_306061882 0
707 0 msmarco_v2.1_doc_27_41237120 0
707 0 msmarco_v2.1_doc_27_453514766 0
707 0 msmarco_v2.1_doc_27_744569490 0
707 0 msmarco_v2.1_doc_29_126651447 0
707 0 msmarco_v2.1_doc_30_519214257 0
707 0 msmarco_v2.1_doc_31_1271619180 0
707 0 msmarco_v2.1_doc_31_1298504100 0
707 0 msmarco_v2.1_doc_31_750081835 0
707 0 msmarco_v2.1_doc_32_1060010756 0
707 0 msmarco_v2.1_doc_32_1594693565 0
707 0 msmarco_v2.1_doc_32_1664668712 0
707 0 msmarco_v2.1_doc_32_758652435 0
707 0 msmarco_v2.1_doc_33_1287973365 0
707 0 msmarco_v2.1_doc_33_1447016779 0
707 0 msmarco_v2.1_doc_33_681972570 0
707 0 msmarco_v2.1_doc_33_683017358 0
707 0 msmarco_v2.1_doc_34_1637810866 0
707 0 msmarco_v2.1_doc_34_449106216 0
707 0 msmarco_v2.1_doc_34_470365721 0
707 0 msmarco_v2.1_doc_35_105167444 0
707 0 msmarco_v2.1_doc_35_1403620649 0
707 0 msmarco_v2.1_doc_35_1436313983 0
707 0 msmarco_v2.1_doc_35_1439256435 0
707 0 msmarco_v2.1_doc_35_1439320208 0
707 0 msmarco_v2.1_doc_35_1439465530 0
707 0 msmarco_v2.1_doc_35_1440168100 0
707 0 msmarco_v2.1_doc_35_1440273648 0
707 0 msmarco_v2.1_doc_35_1440532679 0
707 0 msmarco_v2.1_doc_35_1445960976 0
707 0 msmarco_v2.1_doc_35_191787219 0
707 0 msmarco_v2.1_doc_35_620220553 0
707 0 msmarco_v2.1_doc_35_623750292 0
707 0 msmarco_v2.1_doc_35_679419696 0
707 0 msmarco_v2.1_doc_36_1331343296 0
707 0 msmarco_v2.1_doc_36_1438772472 0
707 0 msmarco_v2.1_doc_36_158216130 0
707 0 msmarco_v2.1_doc_37_1121744629 0
707 0 msmarco_v2.1_doc_37_944722274 0
707 0 msmarco_v2.1_doc_37_944855466 0
707 0 msmarco_v2.1_doc_38_1017750508 0
707 0 msmarco_v2.1_doc_38_1195259612 0
707 0 msmarco_v2.1_doc_38_745354620 0
707 0 msmarco_v2.1_doc_38_745374629 0
707 0 msmarco_v2.1_doc_38_851720833 0
707 0 msmarco_v2.1_doc_39_293984518 0
707 0 msmarco_v2.1_doc_39_528017967 0
707 0 msmarco_v2.1_doc_39_833922466 0
707 0 msmarco_v2.1_doc_39_836707235 0
707 0 msmarco_v2.1_doc_39_860632114 0
707 0 msmarco_v2.1_doc_39_867682995 0
707 0 msmarco_v2.1_doc_39_867697613 0
707 0 msmarco_v2.1_doc_39_869194731 0
707 0 msmarco_v2.1_doc_40_1237927150 0
707 0 msmarco_v2.1_doc_40_223504736 0
707 0 msmarco_v2.1_doc_40_230224487 0
707 0 msmarco_v2.1_doc_40_360231791 0
707 0 msmarco_v2.1_doc_41_1932193154 0
707 0 msmarco_v2.1_doc_41_2049818726 0
707 0 msmarco_v2.1_doc_42_314235826 0
707 0 msmarco_v2.1_doc_42_888906181 0
707 0 msmarco_v2.1_doc_43_267313742 0
707 0 msmarco_v2.1_doc_43_270743962 0
707 0 msmarco_v2.1_doc_43_270765783 0
707 0 msmarco_v2.1_doc_43_270801653 0
707 0 msmarco_v2.1_doc_43_275164351 0
707 0 msmarco_v2.1_doc_43_858358001 0
707 0 msmarco_v2.1_doc_43_869633234 0
707 0 msmarco_v2.1_doc_44_74947778 0
707 0 msmarco_v2.1_doc_45_1180892256 0
707 0 msmarco_v2.1_doc_45_1444354661 0
707 0 msmarco_v2.1_doc_45_521636791 0
707 0 msmarco_v2.1_doc_46_473300183 0
707 0 msmarco_v2.1_doc_46_723498669 0
707 0 msmarco_v2.1_doc_47_1205520629 0
707 0 msmarco_v2.1_doc_47_1372012714 0
707 0 msmarco_v2.1_doc_47_161370655 0
707 0 msmarco_v2.1_doc_47_354513544 0
707 0 msmarco_v2.1_doc_47_50212045 0
707 0 msmarco_v2.1_doc_48_1115159439 0
707 0 msmarco_v2.1_doc_48_1433075521 0
707 0 msmarco_v2.1_doc_48_460508364 0
707 0 msmarco_v2.1_doc_48_494804874 0
707 0 msmarco_v2.1_doc_48_6474644 0
707 0 msmarco_v2.1_doc_49_1009052337 0
707 0 msmarco_v2.1_doc_49_140268491 0
707 0 msmarco_v2.1_doc_49_141905310 0
707 0 msmarco_v2.1_doc_49_151218329 0
707 0 msmarco_v2.1_doc_49_161325228 0
707 0 msmarco_v2.1_doc_49_165645077 0
707 0 msmarco_v2.1_doc_49_165658365 0
707 0 msmarco_v2.1_doc_50_512034048 0
707 0 msmarco_v2.1_doc_50_549608192 0
707 0 msmarco_v2.1_doc_51_1077285936 0
707 0 msmarco_v2.1_doc_51_1086214201 0
707 0 msmarco_v2.1_doc_51_1099598178 0
707 0 msmarco_v2.1_doc_51_1458498776 0
707 0 msmarco_v2.1_doc_51_1475863774 0
707 0 msmarco_v2.1_doc_51_1808198308 0
707 0 msmarco_v2.1_doc_51_2079052514 0
707 0 msmarco_v2.1_doc_51_244121786 0
707 0 msmarco_v2.1_doc_52_542172749 0
707 0 msmarco_v2.1_doc_52_933295592 0
707 0 msmarco_v2.1_doc_53_1443258023 0
707 0 msmarco_v2.1_doc_53_626361372 0
707 0 msmarco_v2.1_doc_54_249666565 0
707 0 msmarco_v2.1_doc_54_379604727 0
707 0 msmarco_v2.1_doc_56_1213538868 0
707 0 msmarco_v2.1_doc_56_1541182511 0
707 0 msmarco_v2.1_doc_56_327715705 0
707 0 msmarco_v2.1_doc_56_995628236 0
707 0 msmarco_v2.1_doc_57_1051443798 0
707 0 msmarco_v2.1_doc_57_1288652880 0
707 0 msmarco_v2.1_doc_58_1192432725 0
707 0 msmarco_v2.1_doc_58_897360572 0
897 0 msmarco_v2.1_doc_24_1284050615 4
897 0 msmarco_v2.1_doc_02_112565026 3
897 0 msmarco_v2.1_doc_02_1143353816 3
897 0 msmarco_v2.1_doc_02_117233310 3
897 0 msmarco_v2.1_doc_10_773896336 3
897 0 msmarco_v2.1_doc_11_773534241 3
897 0 msmarco_v2.1_doc_12_503215209 3
897 0 msmarco_v2.1_doc_31_858327574 3
897 0 msmarco_v2.1_doc_38_884977976 3
897 0 msmarco_v2.1_doc_50_399793193 3
897 0 msmarco_v2.1_doc_50_399839534 3
897 0 msmarco_v2.1_doc_00_180650468 2
897 0 msmarco_v2.1_doc_01_1259966292 2
897 0 msmarco_v2.1_doc_01_1275511186 2
897 0 msmarco_v2.1_doc_01_2132501480 2
897 0 msmarco_v2.1_doc_01_256600655 2
897 0 msmarco_v2.1_doc_02_1143056550 2
897 0 msmarco_v2.1_doc_02_1143487766 2
897 0 msmarco_v2.1_doc_02_1143573728 2
897 0 msmarco_v2.1_doc_02_151255811 2
897 0 msmarco_v2.1_doc_02_151291602 2
897 0 msmarco_v2.1_doc_03_1209921300 2
897 0 msmarco_v2.1_doc_03_475821779 2
897 0 msmarco_v2.1_doc_04_249205397 2
897 0 msmarco_v2.1_doc_04_898731418 2
897 0 msmarco_v2.1_doc_07_1388550046 2
897 0 msmarco_v2.1_doc_08_797397458 2
897 0 msmarco_v2.1_doc_09_1176320129 2
897 0 msmarco_v2.1_doc_10_1342037641 2
897 0 msmarco_v2.1_doc_11_559679831 2
897 0 msmarco_v2.1_doc_11_560272929 2
897 0 msmarco_v2.1_doc_11_773554945 2
897 0 msmarco_v2.1_doc_11_773631229 2
897 0 msmarco_v2.1_doc_11_776287702 2
897 0 msmarco_v2.1_doc_11_974707136 2
897 0 msmarco_v2.1_doc_13_678692975 2
897 0 msmarco_v2.1_doc_16_1624152773 2
897 0 msmarco_v2.1_doc_16_1626099889 2
897 0 msmarco_v2.1_doc_16_377180050 2
897 0 msmarco_v2.1_doc_27_1319704369 2
897 0 msmarco_v2.1_doc_27_469848047 2
897 0 msmarco_v2.1_doc_28_671075132 2
897 0 msmarco_v2.1_doc_29_112497147 2
897 0 msmarco_v2.1_doc_29_1293397268 2
897 0 msmarco_v2.1_doc_30_1719582484 2
897 0 msmarco_v2.1_doc_31_1082553584 2
897 0 msmarco_v2.1_doc_31_55490420 2
897 0 msmarco_v2.1_doc_31_55566841 2
897 0 msmarco_v2.1_doc_32_374577148 2
897 0 msmarco_v2.1_doc_32_374972882 2
897 0 msmarco_v2.1_doc_32_752845490 2
897 0 msmarco_v2.1_doc_32_752950069 2
897 0 msmarco_v2.1_doc_32_753078391 2
897 0 msmarco_v2.1_doc_32_754944135 2
897 0 msmarco_v2.1_doc_38_133796596 2
897 0 msmarco_v2.1_doc_42_361544849 2
897 0 msmarco_v2.1_doc_42_946435716 2
897 0 msmarco_v2.1_doc_47_287212250 2
897 0 msmarco_v2.1_doc_48_122228724 2
897 0 msmarco_v2.1_doc_48_153136805 2
897 0 msmarco_v2.1_doc_48_1868081955 2
897 0 msmarco_v2.1_doc_48_911819336 2
897 0 msmarco_v2.1_doc_49_1553968392 2
897 0 msmarco_v2.1_doc_50_284637345 2
897 0 msmarco_v2.1_doc_50_284784759 2
897 0 msmarco_v2.1_doc_50_284837902 2
897 0 msmarco_v2.1_doc_50_426923997 2
897 0 msmarco_v2.1_doc_51_218569099 2
897 0 msmarco_v2.1_doc_51_220066457 2
897 0 msmarco_v2.1_doc_51_47114433 2
897 0 msmarco_v2.1_doc_55_973682715 2
897 0 msmarco_v2.1_doc_56_1425833850 2
897 0 msmarco_v2.1_doc_56_1575673415 2
897 0 msmarco_v2.1_doc_00_180829816 1
897 0 msmarco_v2.1_doc_00_180885257 1
897 0 msmarco_v2.1_doc_01_639739748 1
897 0 msmarco_v2.1_doc_02_1142985179 1
897 0 msmarco_v2.1_doc_02_1144438392 1
897 0 msmarco_v2.1_doc_02_1144700413 1
897 0 msmarco_v2.1_doc_02_1270610371 1
897 0 msmarco_v2.1_doc_02_143292535 1
897 0 msmarco_v2.1_doc_02_535473094 1
897 0 msmarco_v2.1_doc_02_644607982 1
897 0 msmarco_v2.1_doc_03_1344529545 1
897 0 msmarco_v2.1_doc_03_1345216801 1
897 0 msmarco_v2.1_doc_03_1345233120 1
897 0 msmarco_v2.1_doc_03_1345242191 1
897 0 msmarco_v2.1_doc_03_161102386 1
897 0 msmarco_v2.1_doc_05_1489703372 1
897 0 msmarco_v2.1_doc_05_1715307531 1
897 0 msmarco_v2.1_doc_05_242127907 1
897 0 msmarco_v2.1_doc_06_1403809477 1
897 0 msmarco_v2.1_doc_06_1419739607 1
897 0 msmarco_v2.1_doc_06_149155299 1
897 0 msmarco_v2.1_doc_06_1789145590 1
897 0 msmarco_v2.1_doc_06_1794810904 1
897 0 msmarco_v2.1_doc_06_914454677 1
897 0 msmarco_v2.1_doc_07_1440229380 1
897 0 msmarco_v2.1_doc_07_1440909842 1
897 0 msmarco_v2.1_doc_08_442065190 1
897 0 msmarco_v2.1_doc_08_507197226 1
897 0 msmarco_v2.1_doc_09_186930637 1
897 0 msmarco_v2.1_doc_09_904274438 1
897 0 msmarco_v2.1_doc_10_222102699 1
897 0 msmarco_v2.1_doc_10_666256311 1
897 0 msmarco_v2.1_doc_11_558332017 1
897 0 msmarco_v2.1_doc_11_560139360 1
897 0 msmarco_v2.1_doc_11_771962459 1
897 0 msmarco_v2.1_doc_11_772769121 1
897 0 msmarco_v2.1_doc_11_773976625 1
897 0 msmarco_v2.1_doc_12_272964597 1
897 0 msmarco_v2.1_doc_12_380224118 1
897 0 msmarco_v2.1_doc_13_1483286769 1
897 0 msmarco_v2.1_doc_14_546004098 1
897 0 msmarco_v2.1_doc_15_1576054647 1
897 0 msmarco_v2.1_doc_15_1587447838 1
897 0 msmarco_v2.1_doc_15_1839495755 1
897 0 msmarco_v2.1_doc_15_234964227 1
897 0 msmarco_v2.1_doc_16_1623807295 1
897 0 msmarco_v2.1_doc_16_1624509799 1
897 0 msmarco_v2.1_doc_16_1624676659 1
897 0 msmarco_v2.1_doc_16_1624808277 1
897 0 msmarco_v2.1_doc_16_377090612 1
897 0 msmarco_v2.1_doc_19_1736148511 1
897 0 msmarco_v2.1_doc_21_41873393 1
897 0 msmarco_v2.1_doc_22_1380037802 1
897 0 msmarco_v2.1_doc_22_1674108426 1
897 0 msmarco_v2.1_doc_22_567301308 1
897 0 msmarco_v2.1_doc_24_1362404893 1
897 0 msmarco_v2.1_doc_25_335163948 1
897 0 msmarco_v2.1_doc_25_551207182 1
897 0 msmarco_v2.1_doc_25_624044011 1
897 0 msmarco_v2.1_doc_26_1246064460 1
897 0 msmarco_v2.1_doc_26_1246296339 1
897 0 msmarco_v2.1_doc_26_1247168898 1
897 0 msmarco_v2.1_doc_26_1566596725 1
897 0 msmarco_v2.1_doc_26_1572325342 1
897 0 msmarco_v2.1_doc_27_1071984768 1
897 0 msmarco_v2.1_doc_27_1152448457 1
897 0 msmarco_v2.1_doc_28_1556273954 1
897 0 msmarco_v2.1_doc_28_18526178 1
897 0 msmarco_v2.1_doc_29_112742056 1
897 0 msmarco_v2.1_doc_30_1541777273 1
897 0 msmarco_v2.1_doc_31_1697327040 1
897 0 msmarco_v2.1_doc_31_55545256 1
897 0 msmarco_v2.1_doc_31_55902850 1
897 0 msmarco_v2.1_doc_31_55940169 1
897 0 msmarco_v2.1_doc_31_60036154 1
897 0 msmarco_v2.1_doc_32_1046514678 1
897 0 msmarco_v2.1_doc_32_1643248079 1
897 0 msmarco_v2.1_doc_32_375044172 1
897 0 msmarco_v2.1_doc_32_377932435 1
897 0 msmarco_v2.1_doc_32_381307393 1
897 0 msmarco_v2.1_doc_32_753620030 1
897 0 msmarco_v2.1_doc_32_754445462 1
897 0 msmarco_v2.1_doc_32_754972192 1
897 0 msmarco_v2.1_doc_32_757119048 1
897 0 msmarco_v2.1_doc_33_1280922524 1
897 0 msmarco_v2.1_doc_34_580497 1
897 0 msmarco_v2.1_doc_35_1368492460 1
897 0 msmarco_v2.1_doc_35_1446133762 1
897 0 msmarco_v2.1_doc_38_750773414 1
897 0 msmarco_v2.1_doc_38_751367843 1
897 0 msmarco_v2.1_doc_38_752241545 1
897 0 msmarco_v2.1_doc_38_773049631 1
897 0 msmarco_v2.1_doc_38_773391920 1
897 0 msmarco_v2.1_doc_38_826582809 1
897 0 msmarco_v2.1_doc_41_1690701492 1
897 0 msmarco_v2.1_doc_41_253887128 1
897 0 msmarco_v2.1_doc_42_1048943075 1
897 0 msmarco_v2.1_doc_42_618400076 1
897 0 msmarco_v2.1_doc_42_874195394 1
897 0 msmarco_v2.1_doc_45_1118742974 1
897 0 msmarco_v2.1_doc_46_953446865 1
897 0 msmarco_v2.1_doc_47_1281536268 1
897 0 msmarco_v2.1_doc_47_442175312 1
897 0 msmarco_v2.1_doc_47_798165565 1
897 0 msmarco_v2.1_doc_48_177090898 1
897 0 msmarco_v2.1_doc_48_663989473 1
897 0 msmarco_v2.1_doc_48_911438482 1
897 0 msmarco_v2.1_doc_49_298455285 1
897 0 msmarco_v2.1_doc_49_386169633 1
897 0 msmarco_v2.1_doc_49_470849014 1
897 0 msmarco_v2.1_doc_50_470578693 1
897 0 msmarco_v2.1_doc_50_92250945 1
897 0 msmarco_v2.1_doc_51_43562474 1
897 0 msmarco_v2.1_doc_51_44691366 1
897 0 msmarco_v2.1_doc_51_465355091 1
897 0 msmarco_v2.1_doc_51_47750932 1
897 0 msmarco_v2.1_doc_52_520843810 1
897 0 msmarco_v2.1_doc_53_507688337 1
897 0 msmarco_v2.1_doc_53_626045665 1
897 0 msmarco_v2.1_doc_54_1643631022 1
897 0 msmarco_v2.1_doc_54_176068944 1
897 0 msmarco_v2.1_doc_54_497667401 1
897 0 msmarco_v2.1_doc_56_1386423465 1
897 0 msmarco_v2.1_doc_56_1442819325 1
897 0 msmarco_v2.1_doc_56_149152055 1
897 0 msmarco_v2.1_doc_56_1572954419 1
897 0 msmarco_v2.1_doc_56_354596388 1
897 0 msmarco_v2.1_doc_56_358235144 1
897 0 msmarco_v2.1_doc_56_756773914 1
897 0 msmarco_v2.1_doc_56_776181880 1
897 0 msmarco_v2.1_doc_00_1260820350 0
897 0 msmarco_v2.1_doc_00_1261206850 0
897 0 msmarco_v2.1_doc_00_1609235885 0
897 0 msmarco_v2.1_doc_00_393914050 0
897 0 msmarco_v2.1_doc_01_1083452572 0
897 0 msmarco_v2.1_doc_01_1247013630 0
897 0 msmarco_v2.1_doc_02_1143535499 0
897 0 msmarco_v2.1_doc_02_1706378708 0
897 0 msmarco_v2.1_doc_03_1344533465 0
897 0 msmarco_v2.1_doc_03_1344747922 0
897 0 msmarco_v2.1_doc_03_1344762159 0
897 0 msmarco_v2.1_doc_03_1344968224 0
897 0 msmarco_v2.1_doc_03_215874899 0
897 0 msmarco_v2.1_doc_04_1271029358 0
897 0 msmarco_v2.1_doc_05_1467907908 0
897 0 msmarco_v2.1_doc_06_1681576596 0
897 0 msmarco_v2.1_doc_06_806163803 0
897 0 msmarco_v2.1_doc_06_914471292 0
897 0 msmarco_v2.1_doc_06_915399073 0
897 0 msmarco_v2.1_doc_07_1003696556 0
897 0 msmarco_v2.1_doc_07_1452885652 0
897 0 msmarco_v2.1_doc_09_1176429443 0
897 0 msmarco_v2.1_doc_10_1513874814 0
897 0 msmarco_v2.1_doc_11_1406369717 0
897 0 msmarco_v2.1_doc_11_377255692 0
897 0 msmarco_v2.1_doc_11_974348666 0
897 0 msmarco_v2.1_doc_11_976014782 0
897 0 msmarco_v2.1_doc_11_978280477 0
897 0 msmarco_v2.1_doc_13_704140149 0
897 0 msmarco_v2.1_doc_14_1462878439 0
897 0 msmarco_v2.1_doc_15_1574197964 0
897 0 msmarco_v2.1_doc_16_1149489100 0
897 0 msmarco_v2.1_doc_16_1624483876 0
897 0 msmarco_v2.1_doc_16_1624623166 0
897 0 msmarco_v2.1_doc_16_1625740955 0
897 0 msmarco_v2.1_doc_16_2117132981 0
897 0 msmarco_v2.1_doc_16_3232048520 0
897 0 msmarco_v2.1_doc_17_3670584153 0
897 0 msmarco_v2.1_doc_17_997443999 0
897 0 msmarco_v2.1_doc_18_1242107253 0
897 0 msmarco_v2.1_doc_18_1506567978 0
897 0 msmarco_v2.1_doc_19_651518630 0
897 0 msmarco_v2.1_doc_20_1037982264 0
897 0 msmarco_v2.1_doc_20_185756364 0
897 0 msmarco_v2.1_doc_21_396634645 0
897 0 msmarco_v2.1_doc_21_711527868 0
897 0 msmarco_v2.1_doc_24_1598856773 0
897 0 msmarco_v2.1_doc_24_411857264 0
897 0 msmarco_v2.1_doc_24_544636163 0
897 0 msmarco_v2.1_doc_25_1009195871 0
897 0 msmarco_v2.1_doc_25_1104812566 0
897 0 msmarco_v2.1_doc_26_1241998620 0
897 0 msmarco_v2.1_doc_26_1559986098 0
897 0 msmarco_v2.1_doc_26_1575788503 0
897 0 msmarco_v2.1_doc_26_1702233766 0
897 0 msmarco_v2.1_doc_26_98031436 0
897 0 msmarco_v2.1_doc_27_25109 0
897 0 msmarco_v2.1_doc_28_1059228823 0
897 0 msmarco_v2.1_doc_28_1682607902 0
897 0 msmarco_v2.1_doc_28_412201011 0
897 0 msmarco_v2.1_doc_28_671907087 0
897 0 msmarco_v2.1_doc_28_804641725 0
897 0 msmarco_v2.1_doc_29_66749712 0
897 0 msmarco_v2.1_doc_30_817395703 0
897 0 msmarco_v2.1_doc_31_241220411 0
897 0 msmarco_v2.1_doc_31_56611910 0
897 0 msmarco_v2.1_doc_32_113315167 0
897 0 msmarco_v2.1_doc_32_374798991 0
897 0 msmarco_v2.1_doc_32_381093244 0
897 0 msmarco_v2.1_doc_32_382301692 0
897 0 msmarco_v2.1_doc_32_497064626 0
897 0 msmarco_v2.1_doc_33_225771129 0
897 0 msmarco_v2.1_doc_34_1431657061 0
897 0 msmarco_v2.1_doc_34_447091437 0
897 0 msmarco_v2.1_doc_35_1364687551 0
897 0 msmarco_v2.1_doc_35_1368471857 0
897 0 msmarco_v2.1_doc_35_1457726408 0
897 0 msmarco_v2.1_doc_35_1470395747 0
897 0 msmarco_v2.1_doc_38_767646856 0
897 0 msmarco_v2.1_doc_39_461632218 0
897 0 msmarco_v2.1_doc_40_1599500038 0
897 0 msmarco_v2.1_doc_41_1964028422 0
897 0 msmarco_v2.1_doc_42_293409343 0
897 0 msmarco_v2.1_doc_42_293540073 0
897 0 msmarco_v2.1_doc_42_354305333 0
897 0 msmarco_v2.1_doc_42_372176956 0
897 0 msmarco_v2.1_doc_42_730248668 0
897 0 msmarco_v2.1_doc_42_874190304 0
897 0 msmarco_v2.1_doc_42_903936433 0
897 0 msmarco_v2.1_doc_43_301706051 0
897 0 msmarco_v2.1_doc_44_1136916956 0
897 0 msmarco_v2.1_doc_46_831353875 0
897 0 msmarco_v2.1_doc_47_1349477081 0
897 0 msmarco_v2.1_doc_47_1380693180 0
897 0 msmarco_v2.1_doc_47_182745872 0
897 0 msmarco_v2.1_doc_47_554677735 0
897 0 msmarco_v2.1_doc_48_251983565 0
897 0 msmarco_v2.1_doc_49_315405201 0
897 0 msmarco_v2.1_doc_49_408028019 0
897 0 msmarco_v2.1_doc_50_522656070 0
897 0 msmarco_v2.1_doc_51_1195403127 0
897 0 msmarco_v2.1_doc_51_218822364 0
897 0 msmarco_v2.1_doc_51_225195585 0
897 0 msmarco_v2.1_doc_51_43628818 0
897 0 msmarco_v2.1_doc_51_627092141 0
897 0 msmarco_v2.1_doc_52_1038222282 0
897 0 msmarco_v2.1_doc_52_1244939149 0
897 0 msmarco_v2.1_doc_52_21150923 0
897 0 msmarco_v2.1_doc_53_316915329 0
897 0 msmarco_v2.1_doc_53_511524179 0
897 0 msmarco_v2.1_doc_53_594456484 0
897 0 msmarco_v2.1_doc_54_1641560300 0
897 0 msmarco_v2.1_doc_54_1641853197 0
897 0 msmarco_v2.1_doc_54_176313408 0
897 0 msmarco_v2.1_doc_56_1459168747 0
897 0 msmarco_v2.1_doc_56_1465827912 0
897 0 msmarco_v2.1_doc_57_1292199563 0
897 0 msmarco_v2.1_doc_57_1293004156 0
